日期,台北市,新北市,基隆市,宜蘭縣,桃園市,新竹市,新竹縣,苗栗縣,台中市,彰化縣,南投縣,雲林縣,嘉義市,嘉義縣,台南市,高雄市,屏東縣,花蓮縣,台東縣,澎湖縣,連江縣,金門縣,境外移入
2020-01-22,0,0,0,0,0,0,0,0,0,0,0,0,0,0,0,0,0,0,0,0,0,0,1
2020-01-23,0,0,0,0,0,0,0,0,0,0,0,0,0,0,0,0,0,0,0,0,0,0,0
2020-01-24,0,0,0,0,0,0,0,0,0,0,0,0,0,0,0,0,0,0,0,0,0,0,2
2020-01-25,0,0,0,0,0,0,0,0,0,0,0,0,0,0,0,0,0,0,0,0,0,0,0
2020-01-26,0,0,0,0,0,0,0,0,0,0,0,0,0,0,0,0,0,0,0,0,0,0,1
2020-01-27,0,0,0,0,0,0,0,0,0,0,0,0,0,0,0,0,0,0,0,0,0,0,1
2020-01-28,0,0,0,0,0,0,0,0,0,1,0,0,0,0,0,0,0,0,0,0,0,0,2
2020-01-29,0,0,0,0,0,0,0,0,0,0,0,0,0,0,0,0,0,0,0,0,0,0,0
2020-01-30,0,0,0,0,0,0,0,0,0,0,1,0,0,0,0,0,0,0,0,0,0,0,0
2020-01-31,0,0,0,0,0,0,0,0,0,0,0,0,0,0,0,0,0,0,0,0,0,0,1
2020-02-01,0,0,0,0,0,0,0,0,0,0,0,0,0,0,0,0,0,0,0,0,0,0,0
2020-02-02,0,0,0,0,0,0,0,0,0,0,0,0,0,0,0,0,0,0,0,0,0,0,0
2020-02-03,0,0,0,0,0,0,0,0,0,0,0,0,0,0,0,0,0,0,0,0,0,0,0
2020-02-04,0,0,0,0,0,0,0,0,0,0,0,0,0,0,0,0,0,0,0,0,0,0,1
2020-02-05,0,0,0,0,0,0,0,0,0,0,0,0,0,0,0,0,0,0,0,0,0,0,0
2020-02-06,0,0,0,0,0,0,0,0,0,0,0,0,0,0,0,0,0,0,0,0,0,0,3
2020-02-07,0,0,0,0,0,0,0,0,0,0,0,0,0,0,0,0,0,0,0,0,0,0,2
2020-02-08,0,0,0,0,0,0,0,0,0,0,0,0,0,0,0,0,0,0,0,0,0,0,1
2020-02-09,0,0,0,0,0,0,0,0,0,0,0,0,0,0,0,0,0,0,0,0,0,0,1
2020-02-10,0,0,0,0,0,0,0,0,0,0,0,0,0,0,0,0,0,0,0,0,0,0,0
2020-02-11,0,0,0,0,0,0,0,0,0,0,0,0,0,0,0,0,0,0,0,0,0,0,0
2020-02-12,0,0,0,0,0,0,0,0,0,0,0,0,0,0,0,0,0,0,0,0,0,0,0
2020-02-13,0,0,0,0,0,0,0,0,0,0,0,0,0,0,0,0,0,0,0,0,0,0,0
2020-02-14,0,0,0,0,0,0,0,0,0,0,0,0,0,0,0,0,0,0,0,0,0,0,0
2020-02-15,0,0,0,0,0,0,0,0,0,0,0,0,0,0,0,0,0,0,0,0,0,0,0
2020-02-16,0,0,0,0,0,0,0,0,0,2,0,0,0,0,0,0,0,0,0,0,0,0,0
2020-02-17,0,0,0,0,0,0,0,0,0,0,0,0,0,0,0,0,0,0,0,0,0,0,0
2020-02-18,0,0,0,0,0,0,0,0,1,1,0,0,0,0,0,0,0,0,0,0,0,0,0
2020-02-19,0,0,0,0,0,0,0,0,1,0,0,0,0,0,0,0,0,0,0,0,0,0,0
2020-02-20,0,1,0,0,0,0,0,0,0,0,0,0,0,0,0,0,0,0,0,0,0,0,0
2020-02-21,0,2,0,0,0,0,0,0,0,0,0,0,0,0,0,0,0,0,0,0,0,0,0
2020-02-22,0,0,0,0,0,0,0,0,0,0,0,0,0,0,0,0,0,0,0,0,0,0,0
2020-02-23,0,2,0,0,0,0,0,0,0,0,0,0,0,0,0,0,0,0,0,0,0,0,0
2020-02-24,0,2,0,0,0,0,0,0,0,0,0,0,0,0,0,0,0,0,0,0,0,0,0
2020-02-25,0,1,0,0,0,0,0,0,0,0,0,0,0,0,0,0,0,0,0,0,0,0,0
2020-02-26,0,1,0,0,0,0,0,0,0,0,0,0,0,0,0,0,0,0,0,0,0,0,0
2020-02-27,0,0,0,0,0,0,0,0,0,0,0,0,0,0,0,0,0,0,0,0,0,0,0
2020-02-28,0,0,0,0,1,0,0,0,0,0,0,0,0,0,0,0,0,0,0,0,0,0,1
2020-02-29,0,0,0,0,4,0,0,0,0,0,0,0,0,0,0,0,0,0,0,0,0,0,1
2020-03-01,0,0,0,0,0,0,0,0,0,0,0,0,0,0,0,0,0,0,0,0,0,0,1
2020-03-02,0,0,0,0,1,0,0,0,0,0,0,0,0,0,0,0,0,0,0,0,0,0,0
2020-03-03,0,0,0,0,1,0,0,0,0,0,0,0,0,0,0,0,0,0,0,0,0,0,0
2020-03-04,0,0,0,0,0,0,0,0,0,0,0,0,0,0,0,0,0,0,0,0,0,0,0
2020-03-05,0,1,0,0,0,0,0,0,0,0,0,0,0,0,0,0,0,0,0,0,0,0,1
2020-03-06,0,0,0,0,1,0,0,0,0,0,0,0,0,0,0,0,0,0,0,0,0,0,0
2020-03-07,0,0,0,0,0,0,0,0,0,0,0,0,0,0,0,0,0,0,0,0,0,0,0
2020-03-08,0,0,0,0,0,0,0,0,0,0,0,0,0,0,0,0,0,0,0,0,0,0,0
2020-03-09,0,0,0,0,0,0,0,0,0,0,0,0,0,0,0,0,0,0,0,0,0,0,0
2020-03-10,0,0,0,0,1,0,0,0,0,0,0,0,0,0,0,0,0,0,0,0,0,0,1
2020-03-11,0,0,0,0,0,0,0,0,0,0,0,0,0,0,0,0,0,0,0,0,0,0,1
2020-03-12,0,0,0,0,0,0,0,0,0,0,0,0,0,0,0,0,0,0,0,0,0,0,1
2020-03-13,0,0,0,0,0,0,0,0,1,0,0,0,0,0,0,0,0,0,0,0,0,0,0
2020-03-14,0,0,0,0,0,0,0,0,0,0,0,0,0,0,0,0,0,0,0,0,0,0,3
2020-03-15,0,0,0,0,0,0,0,0,0,0,0,0,0,0,0,0,0,0,0,0,0,0,5
2020-03-16,0,0,0,0,0,0,0,0,0,0,0,0,0,0,0,0,0,0,0,0,0,0,8
2020-03-17,0,0,0,0,0,0,0,0,0,0,0,0,0,0,0,0,0,0,0,0,0,0,11
2020-03-18,0,1,0,0,0,0,0,0,0,0,0,0,0,0,1,0,0,0,0,0,0,0,21
2020-03-19,0,1,0,0,0,0,0,0,0,0,0,0,0,0,0,0,0,0,0,0,0,0,7
2020-03-20,2,0,0,0,0,0,0,0,1,0,0,0,0,0,0,0,0,0,0,0,0,0,23
2020-03-21,0,0,0,0,0,0,0,0,0,0,0,0,0,0,0,0,0,0,0,0,0,0,19
2020-03-22,1,1,0,0,1,0,0,0,0,0,0,0,0,0,0,0,0,0,0,0,0,0,13
2020-03-23,0,1,0,0,0,0,0,0,0,0,0,0,0,0,0,0,0,0,0,0,0,0,25
2020-03-24,0,0,0,0,0,1,0,0,0,0,0,0,0,0,0,0,0,0,0,0,0,0,20
2020-03-25,0,0,0,0,0,0,0,0,0,0,0,0,0,0,0,0,0,0,0,0,0,0,19
2020-03-26,1,0,1,0,0,0,0,0,0,0,0,0,0,0,0,0,0,0,0,0,0,0,15
2020-03-27,0,0,0,0,0,0,0,0,0,0,0,0,0,0,0,0,0,0,0,0,0,0,15
2020-03-28,0,1,0,0,1,0,0,0,0,0,0,0,0,0,0,0,0,0,0,0,0,0,14
2020-03-29,0,0,0,0,0,0,0,0,1,0,0,0,0,0,0,0,0,0,0,0,0,0,14
2020-03-30,0,0,0,0,1,0,0,0,0,0,0,0,0,0,0,0,0,0,0,0,0,0,7
2020-03-31,1,1,0,0,0,0,0,0,0,0,0,0,0,0,0,0,0,0,0,0,0,0,14
2020-04-01,0,0,0,0,0,0,0,0,0,0,0,0,0,0,0,0,0,0,0,0,0,0,7
2020-04-02,1,1,0,0,0,0,0,0,0,0,0,0,0,0,0,0,0,0,0,0,0,0,8
2020-04-03,1,0,0,0,0,1,0,0,0,0,0,0,0,0,0,0,0,0,0,0,0,0,7
2020-04-04,0,0,0,0,1,0,0,0,0,0,0,0,0,0,0,0,0,0,0,0,0,0,6
2020-04-05,0,0,0,0,0,0,0,0,0,0,0,0,0,0,0,0,0,0,0,0,0,0,8
2020-04-06,0,0,0,0,0,1,0,0,0,0,0,0,0,0,0,0,0,0,0,0,0,0,9
2020-04-07,0,0,0,0,0,0,0,0,0,0,0,0,0,0,0,0,0,0,0,0,0,0,3
2020-04-08,0,0,0,0,1,0,0,0,0,0,0,0,0,0,0,0,0,0,0,0,0,0,2
2020-04-09,1,0,0,0,0,0,0,0,0,0,0,0,0,0,0,0,0,0,0,0,0,0,0
2020-04-10,0,0,0,0,0,0,0,0,0,0,0,0,0,0,0,0,0,0,0,0,0,0,2
2020-04-11,0,0,0,0,0,0,0,0,0,0,0,0,0,0,0,0,0,0,0,0,0,0,3
2020-04-12,0,1,0,0,0,0,0,0,0,0,0,0,0,0,0,0,0,0,0,0,0,0,2
2020-04-13,0,0,0,0,0,0,0,0,0,0,0,0,0,0,0,0,0,0,0,0,0,0,5
2020-04-14,0,0,0,0,0,0,0,0,0,0,0,0,0,0,0,0,0,0,0,0,0,0,0
2020-04-15,0,0,0,0,0,0,0,0,0,0,0,0,0,0,0,0,0,0,0,0,0,0,2
2020-04-16,0,0,0,0,0,0,0,0,0,0,0,0,0,0,0,0,0,0,0,0,0,0,0
2020-04-17,0,0,0,0,0,0,0,0,0,0,0,0,0,0,0,0,0,0,0,0,0,0,0
2020-04-18,0,0,0,0,0,0,0,0,0,0,0,0,0,0,0,0,0,0,0,0,0,0,3
2020-04-19,0,0,0,0,0,0,0,0,0,0,0,0,0,0,0,0,0,0,0,0,0,0,22
2020-04-20,0,0,0,0,0,0,0,0,0,0,0,0,0,0,0,0,0,0,0,0,0,0,2
2020-04-21,0,0,0,0,0,0,0,0,0,0,0,0,0,0,0,0,0,0,0,0,0,0,3
2020-04-22,0,0,0,0,0,0,0,0,0,0,0,0,0,0,0,0,0,0,0,0,0,0,1
2020-04-23,0,0,0,0,0,0,0,0,0,0,0,0,0,0,0,0,0,0,0,0,0,0,1
2020-04-24,0,0,0,0,0,0,0,0,0,0,0,0,0,0,0,0,0,0,0,0,0,0,1
2020-04-25,0,0,0,0,0,0,0,0,0,0,0,0,0,0,0,0,0,0,0,0,0,0,1
2020-04-26,0,0,0,0,0,0,0,0,0,0,0,0,0,0,0,0,0,0,0,0,0,0,0
2020-04-27,0,0,0,0,0,0,0,0,0,0,0,0,0,0,0,0,0,0,0,0,0,0,0
2020-04-28,0,0,0,0,0,0,0,0,0,0,0,0,0,0,0,0,0,0,0,0,0,0,0
2020-04-29,0,0,0,0,0,0,0,0,0,0,0,0,0,0,0,0,0,0,0,0,0,0,0
2020-04-30,0,0,0,0,0,0,0,0,0,0,0,0,0,0,0,0,0,0,0,0,0,0,0
2020-05-01,0,0,0,0,0,0,0,0,0,0,0,0,0,0,0,0,0,0,0,0,0,0,0
2020-05-02,0,0,0,0,0,0,0,0,0,0,0,0,0,0,0,0,0,0,0,0,0,0,3
2020-05-03,0,0,0,0,0,0,0,0,0,0,0,0,0,0,0,0,0,0,0,0,0,0,3
2020-05-04,0,0,0,0,0,0,0,0,0,0,0,0,0,0,0,0,0,0,0,0,0,0,3
2020-05-05,0,0,0,0,0,0,0,0,0,0,0,0,0,0,0,0,0,0,0,0,0,0,0
2020-05-06,0,0,0,0,0,0,0,0,0,0,0,0,0,0,0,0,0,0,0,0,0,0,1
2020-05-07,0,0,0,0,0,0,0,0,0,0,0,0,0,0,0,0,0,0,0,0,0,0,1
2020-05-08,0,0,0,0,0,0,0,0,0,0,0,0,0,0,0,0,0,0,0,0,0,0,0
2020-05-09,0,0,0,0,0,0,0,0,0,0,0,0,0,0,0,0,0,0,0,0,0,0,0
2020-05-10,0,0,0,0,0,0,0,0,0,0,0,0,0,0,0,0,0,0,0,0,0,0,0
2020-05-11,0,0,0,0,0,0,0,0,0,0,0,0,0,0,0,0,0,0,0,0,0,0,0
2020-05-12,0,0,0,0,0,0,0,0,0,0,0,0,0,0,0,0,0,0,0,0,0,0,0
2020-05-13,0,0,0,0,0,0,0,0,0,0,0,0,0,0,0,0,0,0,0,0,0,0,0
2020-05-14,0,0,0,0,0,0,0,0,0,0,0,0,0,0,0,0,0,0,0,0,0,0,0
2020-05-15,0,0,0,0,0,0,0,0,0,0,0,0,0,0,0,0,0,0,0,0,0,0,0
2020-05-16,0,0,0,0,0,0,0,0,0,0,0,0,0,0,0,0,0,0,0,0,0,0,0
2020-05-17,0,0,0,0,0,0,0,0,0,0,0,0,0,0,0,0,0,0,0,0,0,0,0
2020-05-18,0,0,0,0,0,0,0,0,0,0,0,0,0,0,0,0,0,0,0,0,0,0,0
2020-05-19,0,0,0,0,0,0,0,0,0,0,0,0,0,0,0,0,0,0,0,0,0,0,0
2020-05-20,0,0,0,0,0,0,0,0,0,0,0,0,0,0,0,0,0,0,0,0,0,0,0
2020-05-21,0,0,0,0,0,0,0,0,0,0,0,0,0,0,0,0,0,0,0,0,0,0,1
2020-05-22,0,0,0,0,0,0,0,0,0,0,0,0,0,0,0,0,0,0,0,0,0,0,0
2020-05-23,0,0,0,0,0,0,0,0,0,0,0,0,0,0,0,0,0,0,0,0,0,0,0
2020-05-24,0,0,0,0,0,0,0,0,0,0,0,0,0,0,0,0,0,0,0,0,0,0,0
2020-05-25,0,0,0,0,0,0,0,0,0,0,0,0,0,0,0,0,0,0,0,0,0,0,0
2020-05-26,0,0,0,0,0,0,0,0,0,0,0,0,0,0,0,0,0,0,0,0,0,0,0
2020-05-27,0,0,0,0,0,0,0,0,0,0,0,0,0,0,0,0,0,0,0,0,0,0,0
2020-05-28,0,0,0,0,0,0,0,0,0,0,0,0,0,0,0,0,0,0,0,0,0,0,0
2020-05-29,0,0,0,0,0,0,0,0,0,0,0,0,0,0,0,0,0,0,0,0,0,0,1
2020-05-30,0,0,0,0,0,0,0,0,0,0,0,0,0,0,0,0,0,0,0,0,0,0,0
2020-05-31,0,0,0,0,0,0,0,0,0,0,0,0,0,0,0,0,0,0,0,0,0,0,0
2020-06-01,0,0,0,0,0,0,0,0,0,0,0,0,0,0,0,0,0,0,0,0,0,0,1
2020-06-02,0,0,0,0,0,0,0,0,0,0,0,0,0,0,0,0,0,0,0,0,0,0,0
2020-06-03,0,0,0,0,0,0,0,0,0,0,0,0,0,0,0,0,0,0,0,0,0,0,0
2020-06-04,0,0,0,0,0,0,0,0,0,0,0,0,0,0,0,0,0,0,0,0,0,0,0
2020-06-05,0,0,0,0,0,0,0,0,0,0,0,0,0,0,0,0,0,0,0,0,0,0,0
2020-06-06,0,0,0,0,0,0,0,0,0,0,0,0,0,0,0,0,0,0,0,0,0,0,0
2020-06-07,0,0,0,0,0,0,0,0,0,0,0,0,0,0,0,0,0,0,0,0,0,0,0
2020-06-08,0,0,0,0,0,0,0,0,0,0,0,0,0,0,0,0,0,0,0,0,0,0,0
2020-06-09,0,0,0,0,0,0,0,0,0,0,0,0,0,0,0,0,0,0,0,0,0,0,0
2020-06-10,0,0,0,0,0,0,0,0,0,0,0,0,0,0,0,0,0,0,0,0,0,0,0
2020-06-11,0,0,0,0,0,0,0,0,0,0,0,0,0,0,0,0,0,0,0,0,0,0,0
2020-06-12,0,0,0,0,0,0,0,0,0,0,0,0,0,0,0,0,0,0,0,0,0,0,0
2020-06-13,0,0,0,0,0,0,0,0,0,0,0,0,0,0,0,0,0,0,0,0,0,0,0
2020-06-14,0,0,0,0,0,0,0,0,0,0,0,0,0,0,0,0,0,0,0,0,0,0,0
2020-06-15,0,0,0,0,0,0,0,0,0,0,0,0,0,0,0,0,0,0,0,0,0,0,2
2020-06-16,0,0,0,0,0,0,0,0,0,0,0,0,0,0,0,0,0,0,0,0,0,0,0
2020-06-17,0,0,0,0,0,0,0,0,0,0,0,0,0,0,0,0,0,0,0,0,0,0,0
2020-06-18,0,0,0,0,0,0,0,0,0,0,0,0,0,0,0,0,0,0,0,0,0,0,1
2020-06-19,0,0,0,0,0,0,0,0,0,0,0,0,0,0,0,0,0,0,0,0,0,0,0
2020-06-20,0,0,0,0,0,0,0,0,0,0,0,0,0,0,0,0,0,0,0,0,0,0,0
2020-06-21,0,0,0,0,0,0,0,0,0,0,0,0,0,0,0,0,0,0,0,0,0,0,0
2020-06-22,0,0,0,0,0,0,0,0,0,0,0,0,0,0,0,0,0,0,0,0,0,0,0
2020-06-23,0,0,0,0,0,0,0,0,0,0,0,0,0,0,0,0,0,0,0,0,0,0,0
2020-06-24,0,0,0,0,0,0,0,0,0,0,0,0,0,0,0,0,0,0,0,0,0,0,0
2020-06-25,0,0,0,0,0,0,0,0,0,0,0,0,0,0,0,0,0,0,0,0,0,0,1
2020-06-26,0,0,0,0,0,0,0,0,0,0,0,0,0,0,0,0,0,0,0,0,0,0,0
2020-06-27,0,0,0,0,0,0,0,0,0,0,0,0,0,0,0,0,0,0,0,0,0,0,0
2020-06-28,0,0,0,0,0,0,0,0,0,0,0,0,0,0,0,0,0,0,0,0,0,0,0
2020-06-29,0,0,0,0,0,0,0,0,0,0,0,0,0,0,0,0,0,0,0,0,0,0,0
2020-06-30,0,0,0,0,0,0,0,0,0,0,0,0,0,0,0,0,0,0,0,0,0,0,0
2020-07-01,0,0,0,0,0,0,0,0,0,0,0,0,0,0,0,0,0,0,0,0,0,0,0
2020-07-02,0,0,0,0,0,0,0,0,0,0,0,0,0,0,0,0,0,0,0,0,0,0,1
2020-07-03,0,0,0,0,0,0,0,0,0,0,0,0,0,0,0,0,0,0,0,0,0,0,1
2020-07-04,0,0,0,0,0,0,0,0,0,0,0,0,0,0,0,0,0,0,0,0,0,0,0
2020-07-05,0,0,0,0,0,0,0,0,0,0,0,0,0,0,0,0,0,0,0,0,0,0,0
2020-07-06,0,0,0,0,0,0,0,0,0,0,0,0,0,0,0,0,0,0,0,0,0,0,0
2020-07-07,0,0,0,0,0,0,0,0,0,0,0,0,0,0,0,0,0,0,0,0,0,0,0
2020-07-08,0,0,0,0,0,0,0,0,0,0,0,0,0,0,0,0,0,0,0,0,0,0,0
2020-07-09,0,0,0,0,0,0,0,0,0,0,0,0,0,0,0,0,0,0,0,0,0,0,0
2020-07-10,0,0,0,0,0,0,0,0,0,0,0,0,0,0,0,0,0,0,0,0,0,0,2
2020-07-11,0,0,0,0,0,0,0,0,0,0,0,0,0,0,0,0,0,0,0,0,0,0,0
2020-07-12,0,0,0,0,0,0,0,0,0,0,0,0,0,0,0,0,0,0,0,0,0,0,0
2020-07-13,0,0,0,0,0,0,0,0,0,0,0,0,0,0,0,0,0,0,0,0,0,0,0
2020-07-14,0,0,0,0,0,0,0,0,0,0,0,0,0,0,0,0,0,0,0,0,0,0,0
2020-07-15,0,0,0,0,0,0,0,0,0,0,0,0,0,0,0,0,0,0,0,0,0,0,0
2020-07-16,0,0,0,0,0,0,0,0,0,0,0,0,0,0,0,0,0,0,0,0,0,0,1
2020-07-17,0,0,0,0,0,0,0,0,0,0,0,0,0,0,0,0,0,0,0,0,0,0,2
2020-07-18,0,0,0,0,0,0,0,0,0,0,0,0,0,0,0,0,0,0,0,0,0,0,0
2020-07-19,0,0,0,0,0,0,0,0,0,0,0,0,0,0,0,0,0,0,0,0,0,0,1
2020-07-20,0,0,0,0,0,0,0,0,0,0,0,0,0,0,0,0,0,0,0,0,0,0,0
2020-07-21,0,0,0,0,0,0,0,0,0,0,0,0,0,0,0,0,0,0,0,0,0,0,0
2020-07-22,0,0,0,0,0,0,0,0,0,0,0,0,0,0,0,0,0,0,0,0,0,0,0
2020-07-23,0,0,0,0,0,0,0,0,0,0,0,0,0,0,0,0,0,0,0,0,0,0,0
2020-07-24,0,0,0,0,0,0,0,0,0,0,0,0,0,0,0,0,0,0,0,0,0,0,3
2020-07-25,0,0,0,0,0,0,0,0,0,0,0,0,0,0,0,0,0,0,0,0,0,0,0
2020-07-26,0,0,0,0,0,0,0,0,0,0,0,0,0,0,0,0,0,0,0,0,0,0,0
2020-07-27,0,0,0,0,0,0,0,0,0,0,0,0,0,0,0,0,0,0,0,0,0,0,4
2020-07-28,0,0,0,0,0,0,0,0,0,0,0,0,0,0,0,0,0,0,0,0,0,0,5
2020-07-29,0,0,0,0,0,0,0,0,0,0,0,0,0,0,0,0,0,0,0,0,0,0,0
2020-07-30,0,0,0,0,0,0,0,0,0,0,0,0,0,0,0,0,0,0,0,0,0,0,0
2020-07-31,0,0,0,0,0,0,0,0,0,0,0,0,0,0,0,0,0,0,0,0,0,0,0
2020-08-01,0,0,0,0,0,0,0,0,0,0,0,0,0,0,0,0,0,0,0,0,0,0,7
2020-08-02,0,0,0,0,0,0,0,0,0,0,0,0,0,0,0,0,0,0,0,0,0,0,1
2020-08-03,0,0,0,0,0,0,0,0,0,0,0,0,0,0,0,0,0,0,0,0,0,0,0
2020-08-04,0,0,0,0,0,0,0,0,0,0,0,0,0,0,0,0,0,0,0,0,0,0,1
2020-08-05,0,0,0,0,0,0,0,0,0,0,0,0,0,0,0,0,0,0,0,0,0,0,0
2020-08-06,0,0,0,0,0,0,0,0,0,0,0,0,0,0,0,0,0,0,0,0,0,0,1
2020-08-07,0,0,0,0,0,0,0,0,0,0,0,0,0,0,0,0,0,0,0,0,0,0,0
2020-08-08,0,0,0,0,0,0,0,0,0,0,0,0,0,0,0,0,0,0,0,0,0,0,2
2020-08-09,0,0,0,0,0,0,0,0,0,0,0,0,0,0,0,0,0,0,0,0,0,0,1
2020-08-10,0,0,0,0,0,0,0,0,0,0,0,0,0,0,0,0,0,0,0,0,0,0,0
2020-08-11,0,0,0,0,0,0,0,0,0,0,0,0,0,0,0,0,0,0,0,0,0,0,0
2020-08-12,0,0,0,0,0,0,0,0,0,0,0,0,0,0,0,0,0,0,0,0,0,0,1
2020-08-13,0,0,0,0,0,0,0,0,0,0,0,0,0,0,0,0,0,0,0,0,0,0,0
2020-08-14,0,0,0,0,0,0,0,0,0,0,0,0,0,0,0,0,0,0,0,0,0,0,0
2020-08-15,0,0,0,0,0,0,0,0,0,0,0,0,0,0,0,0,0,0,0,0,0,0,1
2020-08-16,0,0,0,0,0,0,0,0,0,0,0,0,0,0,0,0,0,0,0,0,0,0,1
2020-08-17,0,0,0,0,0,0,0,0,0,0,0,0,0,0,0,0,0,0,0,0,0,0,2
2020-08-18,0,0,0,0,0,0,0,0,0,0,0,0,0,0,0,0,0,0,0,0,0,0,1
2020-08-19,0,0,0,0,0,0,0,0,0,0,0,0,0,0,0,0,0,0,0,0,0,0,0
2020-08-20,0,0,0,0,0,0,0,0,0,0,0,0,0,0,0,0,0,0,0,0,0,0,0
2020-08-21,0,0,0,0,0,0,0,0,0,0,0,0,0,0,0,0,0,0,0,0,0,0,1
2020-08-22,0,0,0,0,0,0,0,0,0,0,0,0,0,0,0,0,0,0,0,0,0,0,0
2020-08-23,0,0,0,0,0,0,0,0,0,0,0,0,0,0,0,0,0,0,0,0,0,0,0
2020-08-24,0,0,0,0,0,0,0,0,0,0,0,0,0,0,0,0,0,0,0,0,0,0,0
2020-08-25,0,0,0,0,0,0,0,0,0,0,0,0,0,0,0,0,0,0,0,0,0,0,0
2020-08-26,0,0,0,0,0,0,0,0,0,0,0,0,0,0,0,0,0,0,0,0,0,0,0
2020-08-27,0,0,0,0,0,0,0,0,0,0,0,0,0,0,0,0,0,0,0,0,0,0,0
2020-08-28,0,0,0,0,0,0,0,0,0,0,0,0,0,0,0,0,0,0,0,0,0,0,0
2020-08-29,0,0,0,0,0,0,0,0,0,0,0,0,0,0,0,0,0,0,0,0,0,0,1
2020-08-30,0,0,0,0,0,0,0,0,0,0,0,0,0,0,0,0,0,0,0,0,0,0,0
2020-08-31,0,0,0,0,0,0,0,0,0,0,0,0,0,0,0,0,0,0,0,0,0,0,0
2020-09-01,0,0,0,0,0,0,0,0,0,0,0,0,0,0,0,0,0,0,0,0,0,0,0
2020-09-02,0,0,0,0,0,0,0,0,0,0,0,0,0,0,0,0,0,0,0,0,0,0,1
2020-09-03,0,0,0,0,0,0,0,0,0,0,0,0,0,0,0,0,0,0,0,0,0,0,0
2020-09-04,0,0,0,0,0,0,0,0,0,0,0,0,0,0,0,0,0,0,0,0,0,0,1
2020-09-05,0,0,0,0,0,0,0,0,0,0,0,0,0,0,0,0,0,0,0,0,0,0,2
2020-09-06,0,0,0,0,0,0,0,0,0,0,0,0,0,0,0,0,0,0,0,0,0,0,1
2020-09-07,0,0,0,0,0,0,0,0,0,0,0,0,0,0,0,0,0,0,0,0,0,0,1
2020-09-08,0,0,0,0,0,0,0,0,0,0,0,0,0,0,0,0,0,0,0,0,0,0,1
2020-09-09,0,0,0,0,0,0,0,0,0,0,0,0,0,0,0,0,0,0,0,0,0,0,0
2020-09-10,0,0,0,0,0,0,0,0,0,0,0,0,0,0,0,0,0,0,0,0,0,0,1
2020-09-11,0,0,0,0,0,0,0,0,0,0,0,0,0,0,0,0,0,0,0,0,0,0,2
2020-09-12,0,0,0,0,0,0,0,0,0,0,0,0,0,0,0,0,0,0,0,0,0,0,0
2020-09-13,0,0,0,0,0,0,0,0,0,0,0,0,0,0,0,0,0,0,0,0,0,0,0
2020-09-14,0,0,0,0,0,0,0,0,0,0,0,0,0,0,0,0,0,0,0,0,0,0,1
2020-09-15,0,0,0,0,0,0,0,0,0,0,0,0,0,0,0,0,0,0,0,0,0,0,0
2020-09-16,0,0,0,0,0,0,0,0,0,0,0,0,0,0,0,0,0,0,0,0,0,0,1
2020-09-17,0,0,0,0,0,0,0,0,0,0,0,0,0,0,0,0,0,0,0,0,0,0,3
2020-09-18,0,0,0,0,0,0,0,0,0,0,0,0,0,0,0,0,0,0,0,0,0,0,0
2020-09-19,0,0,0,0,0,0,0,0,0,0,0,0,0,0,0,0,0,0,0,0,0,0,3
2020-09-20,0,0,0,0,0,0,0,0,0,0,0,0,0,0,0,0,0,0,0,0,0,0,1
2020-09-21,0,0,0,0,0,0,0,0,0,0,0,0,0,0,0,0,0,0,0,0,0,0,2
2020-09-22,0,0,0,0,0,0,0,0,0,0,0,0,0,0,0,0,0,0,0,0,0,0,0
2020-09-23,0,0,0,0,0,0,0,0,0,0,0,0,0,0,0,0,0,0,0,0,0,0,0
2020-09-24,0,0,0,0,0,0,0,0,0,0,0,0,0,0,0,0,0,0,0,0,0,0,0
2020-09-25,0,0,0,0,0,0,0,0,0,0,0,0,0,0,0,0,0,0,0,0,0,0,1
2020-09-26,0,0,0,0,0,0,0,0,0,0,0,0,0,0,0,0,0,0,0,0,0,0,0
2020-09-27,0,0,0,0,0,0,0,0,0,0,0,0,0,0,0,0,0,0,0,0,0,0,0
2020-09-28,0,0,0,0,0,0,0,0,0,0,0,0,0,0,0,0,0,0,0,0,0,0,3
2020-09-29,0,0,0,0,0,0,0,0,0,0,0,0,0,0,0,0,0,0,0,0,0,0,0
2020-09-30,0,0,0,0,0,0,0,0,0,0,0,0,0,0,0,0,0,0,0,0,0,0,1
2020-10-01,0,0,0,0,0,0,0,0,0,0,0,0,0,0,0,0,0,0,0,0,0,0,1
2020-10-02,0,0,0,0,0,0,0,0,0,0,0,0,0,0,0,0,0,0,0,0,0,0,2
2020-10-03,0,0,0,0,0,0,0,0,0,0,0,0,0,0,0,0,0,0,0,0,0,0,0
2020-10-04,0,0,0,0,0,0,0,0,0,0,0,0,0,0,0,0,0,0,0,0,0,0,0
2020-10-05,0,0,0,0,0,0,0,0,0,0,0,0,0,0,0,0,0,0,0,0,0,0,1
2020-10-06,0,0,0,0,0,0,0,0,0,0,0,0,0,0,0,0,0,0,0,0,0,0,3
2020-10-07,0,0,0,0,0,0,0,0,0,0,0,0,0,0,0,0,0,0,0,0,0,0,2
2020-10-08,0,0,0,0,0,0,0,0,0,0,0,0,0,0,0,0,0,0,0,0,0,0,1
2020-10-09,0,0,0,0,0,0,0,0,0,0,0,0,0,0,0,0,0,0,0,0,0,0,3
2020-10-10,0,0,0,0,0,0,0,0,0,0,0,0,0,0,0,0,0,0,0,0,0,0,0
2020-10-11,0,0,0,0,0,0,0,0,0,0,0,0,0,0,0,0,0,0,0,0,0,0,0
2020-10-12,0,0,0,0,0,0,0,0,0,0,0,0,0,0,0,0,0,0,0,0,0,0,2
2020-10-13,0,0,0,0,0,0,0,0,0,0,0,0,0,0,0,0,0,0,0,0,0,0,0
2020-10-14,0,0,0,0,0,0,0,0,0,0,0,0,0,0,0,0,0,0,0,0,0,0,0
2020-10-15,0,0,0,0,0,0,0,0,0,0,0,0,0,0,0,0,0,0,0,0,0,0,1
2020-10-16,0,0,0,0,0,0,0,0,0,0,0,0,0,0,0,0,0,0,0,0,0,0,4
2020-10-17,0,0,0,0,0,0,0,0,0,0,0,0,0,0,0,0,0,0,0,0,0,0,0
2020-10-18,0,0,0,0,0,0,0,0,0,0,0,0,0,0,0,0,0,0,0,0,0,0,0
2020-10-19,0,0,0,0,0,0,0,0,0,0,0,0,0,0,0,0,0,0,0,0,0,0,5
2020-10-20,0,0,0,0,0,0,0,0,0,0,0,0,0,0,0,0,0,0,0,0,0,0,3
2020-10-21,0,0,0,0,0,0,0,0,0,0,0,0,0,0,0,0,0,0,0,0,0,0,1
2020-10-22,0,0,0,0,0,0,0,0,0,0,0,0,0,0,0,0,0,0,0,0,0,0,4
2020-10-23,0,0,0,0,0,0,0,0,0,0,0,0,0,0,0,0,0,0,0,0,0,0,0
2020-10-24,0,0,0,0,0,0,0,0,0,0,0,0,0,0,0,0,0,0,0,0,0,0,2
2020-10-25,0,0,0,0,0,0,0,0,0,0,0,0,0,0,0,0,0,0,0,0,0,0,0
2020-10-26,0,0,0,0,0,0,0,0,0,0,0,0,0,0,0,0,0,0,0,0,0,0,0
2020-10-27,0,0,0,0,0,0,0,0,0,0,0,0,0,0,0,0,0,0,0,0,0,0,0
2020-10-28,0,0,0,0,0,0,0,0,0,0,0,0,0,0,0,0,0,0,0,0,0,0,1
2020-10-29,0,0,0,0,0,0,0,0,0,0,0,0,0,0,0,0,0,0,0,0,0,0,3
2020-10-30,0,0,0,0,0,0,0,0,0,0,0,0,0,0,0,0,0,0,0,0,0,0,1
2020-10-31,0,0,0,0,0,0,0,0,0,0,0,0,0,0,0,0,0,0,0,0,0,0,1
2020-11-01,0,0,0,0,0,0,0,0,0,0,0,0,0,0,0,0,0,0,0,0,0,0,3
2020-11-02,0,0,0,0,0,0,0,0,0,0,0,0,0,0,0,0,0,0,0,0,0,0,5
2020-11-03,0,0,0,0,0,0,0,0,0,0,0,0,0,0,0,0,0,0,0,0,0,0,4
2020-11-04,0,0,0,0,0,0,0,0,0,0,0,0,0,0,0,0,0,0,0,0,0,0,1
2020-11-05,0,0,0,0,0,0,0,0,0,0,0,0,0,0,0,0,0,0,0,0,0,0,1
2020-11-06,0,0,0,0,0,0,0,0,0,0,0,0,0,0,0,0,0,0,0,0,0,0,4
2020-11-07,0,0,0,0,0,0,0,0,0,0,0,0,0,0,0,0,0,0,0,0,0,0,0
2020-11-08,0,0,0,0,0,0,0,0,0,0,0,0,0,0,0,0,0,0,0,0,0,0,4
2020-11-09,0,0,0,0,0,0,0,0,0,0,0,0,0,0,0,0,0,0,0,0,0,0,1
2020-11-10,0,0,0,0,0,0,0,0,0,0,0,0,0,0,0,0,0,0,0,0,0,0,2
2020-11-11,0,0,0,0,0,0,0,0,0,0,0,0,0,0,0,0,0,0,0,0,0,0,4
2020-11-12,0,0,0,0,0,0,0,0,0,0,0,0,0,0,0,0,0,0,0,0,0,0,5
2020-11-13,0,0,0,0,0,0,0,0,0,0,0,0,0,0,0,0,0,0,0,0,0,0,8
2020-11-14,0,0,0,0,0,0,0,0,0,0,0,0,0,0,0,0,0,0,0,0,0,0,3
2020-11-15,0,0,0,0,0,0,0,0,0,0,0,0,0,0,0,0,0,0,0,0,0,0,2
2020-11-16,0,0,0,0,0,0,0,0,0,0,0,0,0,0,0,0,0,0,0,0,0,0,1
2020-11-17,0,0,0,0,0,0,0,0,0,0,0,0,0,0,0,0,0,0,0,0,0,0,2
2020-11-18,0,0,0,0,0,0,0,0,0,0,0,0,0,0,0,0,0,0,0,0,0,0,2
2020-11-19,0,0,0,0,0,0,0,0,0,0,0,0,0,0,0,0,0,0,0,0,0,0,2
2020-11-20,0,0,0,0,0,0,0,0,0,0,0,0,0,0,0,0,0,0,0,0,0,0,2
2020-11-21,0,0,0,0,0,0,0,0,0,0,0,0,0,0,0,0,0,0,0,0,0,0,0
2020-11-22,0,0,0,0,0,0,0,0,0,0,0,0,0,0,0,0,0,0,0,0,0,0,6
2020-11-23,0,0,0,0,0,0,0,0,0,0,0,0,0,0,0,0,0,0,0,0,0,0,1
2020-11-24,0,0,0,0,0,0,0,0,0,0,0,0,0,0,0,0,0,0,0,0,0,0,0
2020-11-25,0,0,0,0,0,0,0,0,0,0,0,0,0,0,0,0,0,0,0,0,0,0,5
2020-11-26,0,0,0,0,0,0,0,0,0,0,0,0,0,0,0,0,0,0,0,0,0,0,2
2020-11-27,0,0,0,0,0,0,0,0,0,0,0,0,0,0,0,0,0,0,0,0,0,0,14
2020-11-28,0,0,0,0,0,0,0,0,0,0,0,0,0,0,0,0,0,0,0,0,0,0,9
2020-11-29,0,0,0,0,0,0,0,0,0,0,0,0,0,0,0,0,0,0,0,0,0,0,3
2020-11-30,0,0,0,0,0,0,0,0,0,0,0,0,0,0,0,0,0,0,0,0,0,0,24
2020-12-01,0,0,0,0,0,0,0,0,0,0,0,0,0,0,0,0,0,0,0,0,0,0,4
2020-12-02,0,0,0,0,0,0,0,0,0,0,0,0,0,0,0,0,0,0,0,0,0,0,6
2020-12-03,0,0,0,0,0,0,0,0,0,0,0,0,0,0,0,0,0,0,0,0,0,0,1
2020-12-04,0,0,0,0,0,0,0,0,0,0,0,0,0,0,0,0,0,0,0,0,0,0,4
2020-12-05,0,0,0,0,0,0,0,0,0,0,0,0,0,0,0,0,0,0,0,0,0,0,4
2020-12-06,0,0,0,0,0,0,0,0,0,0,0,0,0,0,0,0,0,0,0,0,0,0,22
2020-12-07,0,0,0,0,0,0,0,0,0,0,0,0,0,0,0,0,0,0,0,0,0,0,0
2020-12-08,0,0,0,0,0,0,0,0,0,0,0,0,0,0,0,0,0,0,0,0,0,0,2
2020-12-09,0,0,0,0,0,0,0,0,0,0,0,0,0,0,0,0,0,0,0,0,0,0,2
2020-12-10,0,0,0,0,0,0,0,0,0,0,0,0,0,0,0,0,0,0,0,0,0,0,4
2020-12-11,0,0,0,0,0,0,0,0,0,0,0,0,0,0,0,0,0,0,0,0,0,0,1
2020-12-12,0,0,0,0,0,0,0,0,0,0,0,0,0,0,0,0,0,0,0,0,0,0,8
2020-12-13,0,0,0,0,0,0,0,0,0,0,0,0,0,0,0,0,0,0,0,0,0,0,3
2020-12-14,0,0,0,0,0,0,0,0,0,0,0,0,0,0,0,0,0,0,0,0,0,0,4
2020-12-15,0,0,0,0,0,0,0,0,0,0,0,0,0,0,0,0,0,0,0,0,0,0,2
2020-12-16,0,0,0,0,0,0,0,0,0,0,0,0,0,0,0,0,0,0,0,0,0,0,7
2020-12-17,0,0,0,0,0,0,0,0,0,0,0,0,0,0,0,0,0,0,0,0,0,0,8
2020-12-18,0,0,0,0,0,0,0,0,0,0,0,0,0,0,0,0,0,0,0,0,0,0,2
2020-12-19,0,0,0,0,0,0,0,0,0,0,0,0,0,0,0,0,0,0,0,0,0,0,4
2020-12-20,0,0,0,0,0,0,0,0,0,0,0,0,0,0,0,0,0,0,0,0,0,0,3
2020-12-21,0,0,0,0,0,0,0,0,0,0,0,0,0,0,0,0,0,0,0,0,0,0,0
2020-12-22,0,0,0,0,1,0,0,0,0,0,0,0,0,0,0,0,0,0,0,0,0,0,3
2020-12-23,0,0,0,0,0,0,0,0,0,0,0,0,0,0,0,0,0,0,0,0,0,0,6
2020-12-24,0,0,0,0,0,0,0,0,0,0,0,0,0,0,0,0,0,0,0,0,0,0,0
2020-12-25,0,0,0,0,0,0,0,0,0,0,0,0,0,0,0,0,0,0,0,0,0,0,4
2020-12-26,0,0,0,0,0,0,0,0,0,0,0,0,0,0,0,0,0,0,0,0,0,0,3
2020-12-27,0,0,0,0,0,0,0,0,0,0,0,0,0,0,0,0,0,0,0,0,0,0,2
2020-12-28,0,0,0,0,0,0,0,0,0,0,0,0,0,0,0,0,0,0,0,0,0,0,8
2020-12-29,0,0,0,0,0,0,0,0,0,0,0,0,0,0,0,0,0,0,0,0,0,0,2
2020-12-30,0,0,0,0,0,0,0,0,0,0,0,0,0,0,0,0,0,0,0,0,0,0,2
2020-12-31,0,0,0,0,0,0,0,0,0,0,0,0,0,0,0,0,0,0,0,0,0,0,2
2021-01-01,0,0,0,0,0,0,0,0,0,0,0,0,0,0,0,0,0,0,0,0,0,0,3
2021-01-02,0,0,0,0,0,0,0,0,0,0,0,0,0,0,0,0,0,0,0,0,0,0,6
2021-01-03,0,0,0,0,0,0,0,0,0,0,0,0,0,0,0,0,0,0,0,0,0,0,4
2021-01-04,0,0,0,0,0,0,0,0,0,0,0,0,0,0,0,0,0,0,0,0,0,0,3
2021-01-05,0,0,0,0,0,0,0,0,0,0,0,0,0,0,0,0,0,0,0,0,0,0,2
2021-01-06,0,0,0,0,0,0,0,0,0,0,0,0,0,0,0,0,0,0,0,0,0,0,2
2021-01-07,0,0,0,0,0,0,0,0,0,0,0,0,0,0,0,0,0,0,0,0,0,0,3
2021-01-08,0,0,0,0,0,0,0,0,0,0,0,0,0,0,0,0,0,0,0,0,0,0,3
2021-01-09,0,0,0,0,0,0,0,0,0,0,0,0,0,0,0,0,0,0,0,0,0,0,3
2021-01-10,0,0,0,0,0,0,0,0,0,0,0,0,0,0,0,0,0,0,0,0,0,0,0
2021-01-11,0,0,0,0,0,0,0,0,0,0,0,0,0,0,0,0,0,0,0,0,0,0,6
2021-01-12,0,0,0,0,2,0,0,0,0,0,0,0,0,0,0,0,0,0,0,0,0,0,2
2021-01-13,0,0,0,0,0,0,0,0,0,0,0,0,0,0,0,0,0,0,0,0,0,0,4
2021-01-14,0,0,0,0,0,0,0,0,0,0,0,0,0,0,0,0,0,0,0,0,0,0,0
2021-01-15,0,0,0,0,0,0,0,0,0,0,0,0,0,0,0,0,0,0,0,0,0,0,1
2021-01-16,0,0,0,0,1,0,0,0,0,0,0,0,0,0,0,0,0,0,0,0,0,0,7
2021-01-17,0,0,0,0,1,0,0,0,0,0,0,0,0,0,0,0,0,0,0,0,0,0,3
2021-01-18,0,0,0,0,1,0,0,0,0,0,0,0,0,0,0,0,0,0,0,0,0,0,6
2021-01-19,0,0,0,0,4,0,0,0,0,0,0,0,0,0,0,0,0,0,0,0,0,0,2
2021-01-20,0,0,0,0,1,0,0,0,0,0,0,0,0,0,0,0,0,0,0,0,0,0,1
2021-01-21,0,0,0,0,0,0,0,0,0,0,0,0,0,0,0,0,0,0,0,0,0,0,3
2021-01-22,0,0,0,0,2,0,0,0,0,0,0,0,0,0,0,0,0,0,0,0,0,0,6
2021-01-23,0,0,0,0,1,0,0,0,0,0,0,0,0,0,0,0,0,0,0,0,0,0,2
2021-01-24,0,0,0,0,2,0,0,0,0,0,0,0,0,0,0,0,0,0,0,0,0,0,1
2021-01-25,0,0,0,0,0,0,0,0,0,0,0,0,0,0,0,0,0,0,0,0,0,0,2
2021-01-26,0,0,0,0,0,0,0,0,0,0,0,0,0,0,0,0,0,0,0,0,0,0,1
2021-01-27,0,0,0,0,0,0,0,0,0,0,0,0,0,0,0,0,0,0,0,0,0,0,3
2021-01-28,0,0,0,0,0,0,0,0,0,0,0,0,0,0,0,0,0,0,0,0,0,0,2
2021-01-29,0,0,0,0,0,0,0,0,0,0,0,0,0,0,0,0,0,0,0,0,0,0,4
2021-01-30,0,0,0,0,4,0,0,0,0,0,0,0,0,0,0,0,0,0,0,0,0,0,6
2021-01-31,0,0,0,0,0,0,0,0,0,0,0,0,0,0,0,0,0,0,0,0,0,0,2
2021-02-01,0,0,0,0,0,0,0,0,0,0,0,0,0,0,0,0,0,0,0,0,0,0,1
2021-02-02,0,0,0,0,0,0,0,0,0,0,0,0,0,0,0,0,0,0,0,0,0,0,3
2021-02-03,0,0,0,0,0,0,0,0,0,0,0,0,0,0,0,0,0,0,0,0,0,0,2
2021-02-04,0,0,0,0,0,0,0,0,0,0,0,0,0,0,0,0,0,0,0,0,0,0,2
2021-02-05,0,0,0,0,1,0,0,0,0,0,0,0,0,0,0,0,0,0,0,0,0,0,3
2021-02-06,0,0,0,0,0,0,0,0,0,0,0,0,0,0,0,0,0,0,0,0,0,0,1
2021-02-07,0,0,0,0,0,0,0,0,0,0,0,0,0,0,0,0,0,0,0,0,0,0,3
2021-02-08,0,0,0,0,0,0,0,0,0,0,0,0,0,0,0,0,0,0,0,0,0,0,1
2021-02-09,0,0,0,0,1,0,0,0,0,0,0,0,0,0,0,0,0,0,0,0,0,0,4
2021-02-10,0,0,0,0,0,0,0,0,0,0,0,0,0,0,0,0,0,0,0,0,0,0,2
2021-02-11,0,0,0,0,0,0,0,0,0,0,0,0,0,0,0,0,0,0,0,0,0,0,1
2021-02-12,0,0,0,0,0,0,0,0,0,0,0,0,0,0,0,0,0,0,0,0,0,0,1
2021-02-13,0,0,0,0,0,0,0,0,0,0,0,0,0,0,0,0,0,0,0,0,0,0,0
2021-02-14,0,0,0,0,0,0,0,0,0,0,0,0,0,0,0,0,0,0,0,0,0,0,0
2021-02-15,0,0,0,0,0,0,0,0,0,0,0,0,0,0,0,0,0,0,0,0,0,0,0
2021-02-16,0,0,0,0,0,0,0,0,0,0,0,0,0,0,0,0,0,0,0,0,0,0,0
2021-02-17,0,0,0,0,0,0,0,0,0,0,0,0,0,0,0,0,0,0,0,0,0,0,1
2021-02-18,0,0,0,0,0,0,0,0,0,0,0,0,0,0,0,0,0,0,0,0,0,0,2
2021-02-19,0,0,0,0,0,0,0,0,0,0,0,0,0,0,0,0,0,0,0,0,0,0,1
2021-02-20,0,0,0,0,0,0,0,0,0,0,0,0,0,0,0,0,0,0,0,0,0,0,1
2021-02-21,0,0,0,0,0,0,0,0,0,0,0,0,0,0,0,0,0,0,0,0,0,0,0
2021-02-22,0,0,0,0,0,0,0,0,0,0,0,0,0,0,0,0,0,0,0,0,0,0,0
2021-02-23,0,0,0,0,0,0,0,0,0,0,0,0,0,0,0,0,0,0,0,0,0,0,0
2021-02-24,0,0,0,0,0,0,0,0,0,0,0,0,0,0,0,0,0,0,0,0,0,0,4
2021-02-25,0,0,0,0,0,0,0,0,0,0,0,0,0,0,0,0,0,0,0,0,0,0,5
2021-02-26,0,0,0,0,0,0,0,0,0,0,0,0,0,0,0,0,0,0,0,0,0,0,0
2021-02-27,0,0,0,0,0,0,0,0,0,0,0,0,0,0,0,0,0,0,0,0,0,0,3
2021-02-28,0,0,0,0,0,0,0,0,0,0,0,0,0,0,0,0,0,0,0,0,0,0,1
2021-03-01,0,0,0,0,0,0,0,0,0,0,0,0,0,0,0,0,0,0,0,0,0,0,0
2021-03-02,0,0,0,0,0,0,0,0,0,0,0,0,0,0,0,0,0,0,0,0,0,0,0
2021-03-03,0,0,0,0,0,0,0,0,0,0,0,0,0,0,0,0,0,0,0,0,0,0,3
2021-03-04,0,0,0,0,0,0,0,0,0,0,0,0,0,0,0,0,0,0,0,0,0,0,2
2021-03-05,0,0,0,0,0,0,0,0,0,0,0,0,0,0,0,0,0,0,0,0,0,0,0
2021-03-06,0,0,0,0,0,0,0,0,0,0,0,0,0,0,0,0,0,0,0,0,0,0,7
2021-03-07,0,0,0,0,0,0,0,0,0,0,0,0,0,0,0,0,0,0,0,0,0,0,2
2021-03-08,0,0,0,0,0,0,0,0,0,0,0,0,0,0,0,0,0,0,0,0,0,0,7
2021-03-09,0,0,0,0,0,0,0,0,0,0,0,0,0,0,0,0,0,0,0,0,0,0,1
2021-03-10,0,0,0,0,0,0,0,0,0,0,0,0,0,0,0,0,0,0,0,0,0,0,1
2021-03-11,0,0,0,0,0,0,0,0,0,0,0,0,0,0,0,0,0,0,0,0,0,0,0
2021-03-12,0,0,0,0,0,0,0,0,0,0,0,0,0,0,0,0,0,0,0,0,0,0,6
2021-03-13,0,0,0,0,0,0,0,0,0,0,0,0,0,0,0,0,0,0,0,0,0,0,0
2021-03-14,0,0,0,0,0,0,0,0,0,0,0,0,0,0,0,0,0,0,0,0,0,0,1
2021-03-15,0,0,0,0,0,0,0,0,0,0,0,0,0,0,0,0,0,0,0,0,0,0,5
2021-03-16,0,0,0,0,0,0,0,0,0,0,0,0,0,0,0,0,0,0,0,0,0,0,0
2021-03-17,0,0,0,0,0,0,0,0,0,0,0,0,0,0,0,0,0,0,0,0,0,0,0
2021-03-18,0,0,0,0,0,0,0,0,0,0,0,0,0,0,0,0,0,0,0,0,0,0,8
2021-03-19,0,0,0,0,0,0,0,0,0,0,0,0,0,0,0,0,0,0,0,0,0,0,6
2021-03-20,0,0,0,0,0,0,0,0,0,0,0,0,0,0,0,0,0,0,0,0,0,0,1
2021-03-21,0,0,0,0,0,0,0,0,0,0,0,0,0,0,0,0,0,0,0,0,0,0,1
2021-03-22,0,0,0,0,0,0,0,0,0,0,0,0,0,0,0,0,0,0,0,0,0,0,0
2021-03-23,0,0,0,0,0,0,0,0,0,0,0,0,0,0,0,0,0,0,0,0,0,0,1
2021-03-24,0,0,0,0,0,0,0,0,0,0,0,0,0,0,0,0,0,0,0,0,0,0,2
2021-03-25,0,0,0,0,0,0,0,0,0,0,0,0,0,0,0,0,0,0,0,0,0,0,3
2021-03-26,0,0,0,0,0,0,0,0,0,0,0,0,0,0,0,0,0,0,0,0,0,0,1
2021-03-27,0,0,0,0,0,0,0,0,0,0,0,0,0,0,0,0,0,0,0,0,0,0,7
2021-03-28,0,0,0,0,0,0,0,0,0,0,0,0,0,0,0,0,0,0,0,0,0,0,2
2021-03-29,0,0,0,0,0,0,0,0,0,0,0,0,0,0,0,0,0,0,0,0,0,0,1
2021-03-30,0,0,0,0,0,0,0,0,0,0,0,0,0,0,0,0,0,0,0,0,0,0,1
2021-03-31,0,0,0,0,0,0,0,0,0,0,0,0,0,0,0,0,0,0,0,0,0,0,6
2021-04-01,0,0,0,0,0,0,0,0,0,0,0,0,0,0,0,0,0,0,0,0,0,0,6
2021-04-02,0,0,0,0,0,0,0,0,0,0,0,0,0,0,0,0,0,0,0,0,0,0,3
2021-04-03,0,0,0,0,0,0,0,0,0,0,0,0,0,0,0,0,0,0,0,0,0,0,6
2021-04-04,0,0,0,0,0,0,0,0,0,0,0,0,0,0,0,0,0,0,0,0,0,0,2
2021-04-05,0,0,0,0,0,0,0,0,0,0,0,0,0,0,0,0,0,0,0,0,0,0,1
2021-04-06,0,0,0,0,0,0,0,0,0,0,0,0,0,0,0,0,0,0,0,0,0,0,2
2021-04-07,0,0,0,0,0,0,0,0,0,0,0,0,0,0,0,0,0,0,0,0,0,0,0
2021-04-08,0,0,0,0,0,0,0,0,0,0,0,0,0,0,0,0,0,0,0,0,0,0,0
2021-04-09,0,0,0,0,0,0,0,0,0,0,0,0,0,0,0,0,0,0,0,0,0,0,4
2021-04-10,0,0,0,0,0,0,0,0,0,0,0,0,0,0,0,0,0,0,0,0,0,0,2
2021-04-11,0,0,0,0,0,0,0,0,0,0,0,0,0,0,0,0,0,0,0,0,0,0,1
2021-04-12,0,0,0,0,0,0,0,0,0,0,0,0,0,0,0,0,0,0,0,0,0,0,1
2021-04-13,0,0,0,0,0,0,0,0,0,0,0,0,0,0,0,0,0,0,0,0,0,0,4
2021-04-14,0,0,0,0,0,0,0,0,0,0,0,0,0,0,0,0,0,0,0,0,0,0,5
2021-04-15,0,0,0,0,0,0,0,0,0,0,0,0,0,0,0,0,0,0,0,0,0,0,1
2021-04-16,0,0,0,0,0,0,0,0,0,0,0,0,0,0,0,0,0,0,0,0,0,0,2
2021-04-17,0,0,0,0,0,0,0,0,0,0,0,0,0,0,0,0,0,0,0,0,0,0,2
2021-04-18,0,0,0,0,0,0,0,0,0,0,0,0,0,0,0,0,0,0,0,0,0,0,1
2021-04-19,0,0,0,0,0,0,0,0,0,0,0,0,0,0,0,0,0,0,0,0,0,0,3
2021-04-20,0,0,0,0,1,0,0,0,0,0,0,0,0,0,0,0,0,0,0,0,0,0,1
2021-04-21,0,0,0,0,0,0,0,0,0,0,0,0,0,0,0,0,0,0,0,0,0,0,4
2021-04-22,0,0,0,0,0,0,0,0,0,0,0,0,0,0,0,0,0,0,0,0,0,0,4
2021-04-23,0,0,0,0,1,0,0,0,0,0,0,0,0,0,0,0,0,0,0,0,0,0,3
2021-04-24,0,0,0,0,1,0,0,0,0,0,0,0,0,0,0,0,0,0,0,0,0,0,6
2021-04-25,0,0,0,0,0,0,0,0,0,0,0,0,0,0,0,0,0,0,0,0,0,0,3
2021-04-26,0,1,0,0,0,0,0,0,0,0,0,0,0,0,0,0,0,0,0,0,0,0,3
2021-04-27,0,0,0,0,1,0,0,0,0,0,0,0,0,0,0,0,0,0,0,0,0,0,5
2021-04-28,0,0,0,0,3,0,0,0,0,0,0,0,0,0,0,0,0,0,0,0,0,0,3
2021-04-29,1,1,0,0,0,0,0,0,0,0,0,0,0,0,0,0,0,0,0,0,0,0,3
2021-04-30,0,1,0,0,2,0,0,0,0,0,0,0,0,0,0,0,0,0,0,0,0,0,4
2021-05-01,1,0,0,0,0,0,0,0,0,0,0,0,0,0,0,0,0,0,0,0,0,0,3
2021-05-02,1,3,0,0,0,0,0,0,0,0,0,0,0,0,0,0,0,0,0,0,0,0,1
2021-05-03,0,1,0,0,1,0,0,0,0,0,0,0,0,0,0,0,0,0,0,0,0,0,6
2021-05-04,1,0,0,0,0,0,1,0,0,0,0,0,0,0,0,0,0,0,0,0,0,0,6
2021-05-05,0,0,0,0,0,0,0,0,0,0,0,0,0,0,0,0,0,0,0,0,0,0,7
2021-05-06,0,0,0,0,1,0,0,0,0,0,0,0,0,0,0,0,0,0,0,0,0,0,12
2021-05-07,0,0,0,0,0,0,0,0,0,0,0,0,0,0,0,0,0,0,0,0,0,0,5
2021-05-08,2,0,0,0,0,0,0,0,0,0,0,0,0,0,0,0,0,0,0,0,0,0,3
2021-05-09,0,0,0,0,0,0,0,0,0,0,0,0,0,0,0,0,0,0,0,0,0,0,1
2021-05-10,1,2,0,0,1,0,0,0,0,0,0,0,0,0,0,0,0,0,0,0,0,0,11
2021-05-11,1,1,0,5,0,0,0,0,0,0,0,0,0,0,0,0,0,0,0,0,0,0,4
2021-05-12,2,11,1,3,0,0,0,0,0,0,0,0,0,0,0,0,0,0,0,0,0,0,4
2021-05-13,2,7,0,0,4,0,0,0,0,0,0,0,0,0,0,0,0,0,0,0,0,0,12
2021-05-14,6,16,0,1,3,0,0,0,0,0,0,0,0,0,0,1,0,0,0,0,0,0,5
2021-05-15,86,79,1,4,4,0,0,0,1,6,0,0,0,0,0,0,0,0,0,0,0,0,5
2021-05-16,93,92,2,3,3,0,1,0,0,9,0,0,0,0,0,0,0,0,0,0,0,0,1
2021-05-17,158,148,6,2,10,0,1,1,1,5,0,0,0,0,0,0,0,0,0,0,0,0,2
2021-05-18,103,104,3,0,12,1,0,0,0,10,0,1,0,0,0,3,0,0,0,0,0,0,5
2021-05-19,70,130,5,3,15,2,0,0,5,28,0,0,0,0,2,6,0,0,0,0,0,0,8
2021-05-20,81,161,5,8,17,0,0,0,3,6,0,1,0,0,0,2,0,0,0,0,0,0,9
2021-05-21,125,147,8,2,11,0,0,0,6,5,1,1,0,0,0,4,1,0,0,0,0,0,3
2021-05-22,264,385,10,3,23,3,2,1,11,4,1,1,0,0,1,3,5,3,0,0,0,0,2
2021-05-23,164,207,5,7,24,2,1,0,5,11,8,2,1,1,2,0,8,1,0,0,0,0,3
2021-05-24,245,280,7,0,22,0,1,2,8,12,1,0,0,0,3,5,3,0,0,0,0,0,5
2021-05-25,196,249,12,8,23,4,1,2,10,12,2,1,0,0,4,3,4,1,2,0,0,0,2
2021-05-26,310,251,14,2,25,0,4,1,11,2,0,2,1,0,8,2,2,1,1,0,1,0,2
2021-05-27,223,327,18,10,23,1,5,1,10,13,1,1,3,0,1,14,3,6,4,0,2,0,4
2021-05-28,211,270,8,0,22,1,1,0,10,9,1,0,2,0,6,1,1,9,1,0,0,0,2
2021-05-29,169,218,14,5,18,1,2,3,33,2,0,1,0,4,0,1,0,4,5,0,0,0,7
2021-05-30,82,198,9,1,24,1,0,9,9,9,4,0,0,3,0,1,0,6,1,0,1,0,0
2021-05-31,121,172,3,0,27,2,1,3,5,10,0,0,0,0,0,1,0,1,0,1,0,0,4
2021-06-01,89,162,8,5,24,0,1,2,10,12,0,0,0,4,1,1,0,3,3,1,0,0,4
2021-06-02,146,314,18,0,28,1,2,12,3,10,1,0,0,0,2,5,0,1,4,0,0,0,0
2021-06-03,221,263,5,1,29,1,0,33,5,15,0,0,0,0,2,1,0,1,0,0,0,0,2
2021-06-04,145,231,6,1,12,1,1,40,7,6,2,1,0,1,0,1,1,1,0,0,0,0,2
2021-06-05,139,225,13,0,18,1,7,66,9,11,3,1,0,3,1,3,4,0,0,0,0,0,0
2021-06-06,65,140,3,9,16,0,3,71,2,3,0,3,1,0,2,3,0,0,0,0,0,0,0
2021-06-07,59,81,3,1,5,3,1,35,0,8,0,0,0,1,0,0,1,0,0,3,0,0,3
2021-06-08,54,123,8,0,13,1,0,16,1,2,0,0,0,0,1,0,0,0,0,0,0,0,0
2021-06-09,60,162,11,2,15,0,1,12,1,3,3,0,1,0,1,0,0,0,0,0,0,0,1
2021-06-10,57,110,13,1,14,1,2,43,0,10,2,0,0,0,1,0,0,7,1,0,0,0,3
2021-06-11,47,119,8,3,20,3,12,57,4,7,0,2,0,0,1,0,0,2,0,0,0,0,1
2021-06-12,67,132,16,1,10,2,1,11,2,2,0,1,0,0,0,1,0,3,0,0,0,0,1
2021-06-13,63,80,7,0,16,0,2,0,1,4,0,0,0,0,0,0,0,1,0,0,0,0,1
2021-06-14,40,98,15,2,10,0,3,7,1,3,0,1,0,0,0,0,0,4,0,0,0,0,0
2021-06-15,27,63,4,0,12,0,0,18,2,1,0,0,0,1,2,0,0,2,0,0,0,0,3
2021-06-16,51,65,2,0,13,0,4,21,1,0,0,0,0,0,0,1,0,8,0,0,0,0,3
2021-06-17,37,84,2,0,7,0,10,31,2,0,0,0,0,0,0,0,0,2,0,0,0,0,0
2021-06-18,71,75,4,0,6,0,1,25,2,0,0,0,0,0,0,0,0,1,0,0,0,0,1
2021-06-19,29,82,2,0,8,2,3,0,1,0,0,0,0,0,0,0,0,0,0,0,0,0,1
2021-06-20,32,44,1,0,16,0,4,3,6,1,0,0,0,0,0,0,0,0,0,0,0,0,2
2021-06-21,21,38,2,0,5,0,0,3,2,1,0,1,0,0,0,1,0,0,0,0,0,0,0
2021-06-22,24,44,2,0,1,0,1,1,1,1,2,0,0,0,0,0,0,0,0,0,0,0,1
2021-06-23,22,45,3,2,7,0,9,4,0,1,1,0,0,0,0,9,1,0,0,0,0,0,0
2021-06-24,35,53,9,0,8,0,5,5,0,0,2,0,0,0,0,6,6,0,0,0,0,0,1
2021-06-25,19,33,1,1,10,0,4,3,1,2,0,0,0,0,0,2,0,0,0,0,0,0,0
2021-06-26,30,36,3,0,3,0,1,1,0,1,0,0,0,0,0,0,3,0,0,0,0,0,2
2021-06-27,33,40,0,0,4,1,0,0,0,0,1,0,0,0,8,0,1,0,0,0,0,0,1
2021-06-28,22,32,1,0,1,0,0,0,0,1,1,0,0,0,0,0,0,0,0,0,0,0,1
2021-06-29,20,22,1,0,4,0,4,0,0,2,0,0,0,0,0,0,1,0,0,0,0,0,0
2021-06-30,20,25,0,0,5,0,0,2,0,0,0,0,0,0,0,2,1,0,0,0,0,0,1
2021-07-01,18,20,0,0,5,1,1,0,0,0,0,0,0,0,0,2,0,0,0,0,0,0,3
2021-07-02,29,15,3,0,3,1,4,0,2,0,0,0,0,0,0,0,0,0,0,0,0,0,1
2021-07-03,48,24,0,0,3,1,0,0,0,0,0,0,0,0,0,0,0,0,0,0,0,0,4
2021-07-04,17,11,0,0,3,0,0,0,0,3,0,0,0,0,0,0,0,0,0,0,0,0,5
2021-07-05,14,6,1,0,3,0,1,2,0,0,0,0,0,0,0,0,1,0,0,0,0,0,3
2021-07-06,13,12,0,0,0,0,0,0,0,1,0,0,0,0,0,0,1,0,0,0,0,0,2
2021-07-07,14,14,0,0,11,0,0,0,0,0,0,0,0,0,0,0,0,0,0,0,0,0,1
2021-07-08,12,6,0,0,0,0,0,0,0,0,0,0,0,0,0,0,0,0,0,0,0,0,3
2021-07-09,19,11,0,0,1,0,0,0,0,0,0,0,0,0,0,0,0,0,0,0,0,0,4
2021-07-10,12,14,1,0,4,0,0,0,0,0,0,0,0,0,0,0,0,0,0,0,0,0,2
2021-07-11,11,12,0,0,2,0,1,0,1,1,0,0,0,0,0,0,0,0,0,0,0,0,3
2021-07-12,9,10,1,0,1,1,0,0,1,0,0,0,0,0,0,0,0,0,0,0,0,0,1
2021-07-13,7,17,0,0,2,0,0,1,1,0,0,0,0,0,0,0,0,0,0,0,0,0,1
2021-07-14,9,2,0,0,3,0,0,0,2,0,0,0,0,0,0,0,0,0,0,0,0,0,11
2021-07-15,9,2,0,0,3,0,0,0,0,0,0,0,0,0,0,0,0,0,0,0,0,0,4
2021-07-16,13,12,0,1,2,0,0,0,0,1,0,0,0,0,0,0,0,0,0,0,0,0,3
2021-07-17,1,5,0,0,1,0,0,0,1,0,0,0,0,0,0,0,0,0,0,0,0,0,4
2021-07-18,5,7,0,0,3,0,0,0,0,0,0,0,0,0,0,0,0,0,0,0,0,0,3
2021-07-19,1,11,0,0,3,0,0,0,0,0,0,0,0,0,0,0,0,0,0,0,0,0,6
2021-07-20,7,6,3,0,2,0,0,0,0,0,0,0,0,0,0,0,0,0,0,0,0,0,6
2021-07-21,20,13,0,0,11,1,0,0,0,0,0,0,0,0,0,0,0,0,0,0,0,0,12
2021-07-22,4,13,0,1,4,0,0,0,0,0,0,0,0,0,0,1,0,0,0,0,0,0,1
2021-07-23,7,9,1,0,3,0,0,1,1,2,0,0,0,0,0,0,0,0,0,0,0,0,1
2021-07-24,7,5,0,0,0,0,0,0,0,0,0,0,0,0,0,0,0,0,0,0,0,0,1
2021-07-25,4,3,0,0,3,0,0,0,0,0,0,0,0,0,0,0,0,0,0,0,0,0,1
2021-07-26,4,5,0,0,6,0,1,0,0,0,0,0,0,0,0,0,0,0,0,0,0,0,1
2021-07-27,6,8,0,0,3,0,0,0,0,0,0,0,0,0,0,1,0,0,0,0,0,0,2
2021-07-28,6,6,0,0,1,0,0,0,0,0,0,0,1,0,0,2,0,0,0,0,0,0,2
2021-07-29,7,4,0,0,0,0,0,0,0,0,0,0,0,9,0,1,0,0,0,0,0,0,4
2021-07-30,4,6,0,0,0,0,0,0,0,0,0,0,0,1,0,0,0,0,0,0,0,0,1
2021-07-31,4,6,0,0,1,0,0,0,1,0,0,0,0,0,0,0,0,0,0,0,0,0,2
2021-08-01,2,3,1,0,5,0,0,0,0,0,0,0,0,0,0,1,0,0,0,0,0,0,2
2021-08-02,4,10,0,0,0,0,0,0,0,0,0,0,0,2,0,0,0,0,0,0,0,0,3
2021-08-03,5,14,0,0,1,0,0,0,0,0,0,0,0,0,0,0,0,0,0,0,0,0,1
2021-08-04,1,4,0,0,1,0,0,0,0,0,0,0,0,0,0,0,0,0,0,0,0,0,5
2021-08-05,3,4,0,0,0,0,0,0,0,1,0,0,0,2,0,0,0,0,0,0,0,0,2
2021-08-06,1,4,0,0,1,0,0,0,0,0,0,0,0,0,0,0,0,0,0,0,0,0,4
2021-08-07,2,1,0,0,1,0,0,0,0,0,0,0,0,0,0,0,0,0,0,0,0,0,3
2021-08-08,2,1,0,0,0,0,0,0,0,0,0,0,0,0,0,1,0,0,0,0,0,0,4
2021-08-09,0,3,0,0,0,0,0,0,0,0,0,0,0,0,0,0,0,0,0,0,0,0,5
2021-08-10,4,6,2,0,0,0,0,0,0,0,0,0,0,0,0,0,0,0,0,0,0,0,4
2021-08-11,3,1,0,0,0,0,0,0,0,0,0,0,0,0,0,0,0,0,0,0,0,0,2
2021-08-12,2,0,0,0,0,0,0,0,0,0,0,0,0,0,0,2,0,0,0,0,0,0,14
2021-08-13,1,2,0,0,0,0,0,0,0,0,0,0,0,0,0,0,0,0,0,0,0,0,4
2021-08-14,1,1,0,0,0,0,0,0,0,0,0,0,0,0,0,0,0,0,0,0,0,0,7
2021-08-15,1,6,0,0,1,0,0,0,0,0,0,0,0,0,0,0,0,0,0,0,0,0,2
2021-08-16,2,2,0,0,0,0,0,0,0,0,0,0,0,0,0,0,0,0,0,0,0,0,14
2021-08-17,4,2,0,0,0,0,0,0,0,0,0,0,0,0,0,0,0,0,0,0,0,0,5
2021-08-18,0,1,0,0,0,0,0,0,0,0,0,0,0,0,0,0,0,0,0,0,0,0,5
2021-08-19,2,3,0,0,0,0,0,0,0,1,0,0,0,0,0,0,0,0,0,0,0,0,3
2021-08-20,0,2,0,0,0,0,0,0,0,0,0,0,0,0,0,0,0,0,0,0,0,0,8
2021-08-21,3,1,0,0,1,0,0,0,0,0,0,1,0,0,0,0,0,0,0,0,0,0,4
2021-08-22,0,4,0,0,0,0,0,0,0,0,0,0,0,0,0,0,0,0,0,0,0,0,2
2021-08-23,0,1,0,0,0,0,0,0,0,0,0,0,0,0,0,0,0,0,0,0,0,0,5
2021-08-24,0,0,0,0,0,0,0,0,0,0,0,0,0,0,0,0,0,0,0,0,0,0,1
2021-08-25,1,1,0,0,0,0,0,0,0,0,0,0,0,0,0,0,0,0,0,0,0,0,6
2021-08-26,0,0,0,0,0,0,0,0,0,0,0,0,0,0,0,0,0,0,0,0,0,0,7
2021-08-27,0,0,0,0,0,0,0,0,0,0,0,0,0,0,0,0,0,0,0,0,0,0,6
2021-08-28,1,11,0,0,0,0,0,0,0,0,0,0,0,0,0,0,0,0,0,0,0,0,11
2021-08-29,0,3,0,0,0,0,0,0,0,0,0,0,0,0,0,0,0,0,0,0,0,0,5
2021-08-30,1,2,0,0,0,0,0,0,0,0,0,0,0,0,0,0,0,0,0,0,0,0,1
2021-08-31,1,0,0,0,0,0,0,0,0,0,0,0,0,0,0,0,0,0,0,0,0,0,5
2021-09-01,1,0,0,0,0,0,0,0,0,0,0,0,0,0,0,0,0,0,0,0,0,0,4
2021-09-02,0,1,0,0,1,0,0,0,0,0,0,0,0,0,0,0,0,0,0,0,0,0,4
2021-09-03,0,0,0,0,0,0,0,0,0,0,0,0,0,0,0,0,0,0,0,0,0,0,1
2021-09-04,0,2,0,0,0,0,0,0,0,0,0,0,0,0,0,0,0,0,0,0,0,0,4
2021-09-05,0,9,0,0,0,0,0,0,0,0,0,0,0,0,0,0,0,0,0,0,0,0,7
2021-09-06,1,7,0,0,0,0,0,0,0,0,0,0,0,0,0,0,0,0,0,0,0,0,4
2021-09-07,0,7,0,0,0,0,0,0,0,0,0,0,0,0,0,0,0,0,0,0,0,0,2
2021-09-08,2,2,0,0,0,0,0,0,0,0,0,0,0,0,0,0,0,0,0,0,0,0,2
2021-09-09,1,1,0,0,0,0,0,0,0,0,0,0,0,0,0,0,0,0,0,0,0,0,5
2021-09-10,0,0,0,0,0,0,0,0,0,0,0,0,0,0,0,0,0,0,0,0,0,0,5
2021-09-11,1,1,0,0,1,0,0,0,0,0,0,0,0,0,0,0,0,0,0,0,0,0,11
2021-09-12,0,1,0,0,1,0,0,0,0,0,0,0,0,0,0,0,0,0,0,0,0,0,3
2021-09-13,0,2,0,0,0,0,0,0,0,0,0,0,0,0,0,0,0,0,0,0,0,0,3
2021-09-14,0,0,0,0,1,0,0,0,0,0,0,0,0,0,0,0,0,0,0,0,0,0,4
2021-09-15,0,2,0,0,0,0,0,0,0,0,0,0,0,0,0,0,0,0,0,0,0,0,10
2021-09-16,2,0,0,0,0,0,0,0,0,0,0,0,0,0,0,0,0,0,0,0,0,0,6
2021-09-17,0,0,0,0,0,0,0,0,0,0,0,0,0,0,0,0,0,0,0,0,0,0,6
2021-09-18,1,0,0,0,0,0,0,0,0,0,0,0,0,0,0,0,0,0,0,0,0,0,11
2021-09-19,1,0,0,0,0,0,0,0,0,0,0,0,0,0,0,0,0,0,0,0,0,0,5
2021-09-20,0,0,0,0,0,0,0,0,0,0,0,0,0,0,0,0,0,0,0,0,0,0,5
2021-09-21,0,1,0,0,0,0,0,0,0,0,0,0,0,0,0,0,0,0,0,0,0,0,6
2021-09-22,0,0,0,0,0,0,0,0,0,0,0,0,0,0,0,0,0,0,0,0,0,0,9
2021-09-23,0,1,0,0,0,0,0,0,0,0,0,0,0,0,0,0,0,0,0,0,0,0,7
2021-09-24,0,0,0,0,0,0,0,0,0,0,0,0,0,0,0,0,0,0,0,0,0,0,5
2021-09-25,0,0,0,0,0,0,0,0,0,0,0,0,0,0,0,0,0,0,0,0,0,0,8
2021-09-26,0,0,0,0,0,0,0,0,0,0,0,0,0,0,0,0,0,0,0,0,0,0,9
2021-09-27,1,0,0,0,0,0,0,0,0,0,0,0,0,0,0,0,0,0,0,0,0,0,6
2021-09-28,0,1,0,0,0,0,0,0,0,0,0,0,0,0,0,0,0,0,0,0,0,0,10
2021-09-29,0,0,0,0,0,0,0,0,0,0,0,0,0,0,0,0,0,0,0,0,0,0,7
2021-09-30,0,0,0,0,0,0,0,0,0,0,0,0,0,0,0,0,0,0,0,0,0,0,11
2021-10-01,0,0,0,0,0,0,0,0,0,0,0,0,0,0,0,0,0,0,0,0,0,0,10
2021-10-02,0,0,0,0,0,0,0,0,0,0,0,0,0,0,0,0,0,0,0,0,0,0,6
2021-10-03,0,0,0,0,0,0,0,0,0,0,0,0,0,0,0,0,0,0,0,0,0,0,5
2021-10-04,0,0,0,0,0,0,0,0,0,0,0,0,0,0,0,0,0,0,0,0,0,0,7
2021-10-05,0,0,0,0,0,0,0,0,0,0,0,0,0,0,0,0,0,0,0,0,0,0,5
2021-10-06,0,0,0,0,0,0,0,0,0,0,0,0,0,0,0,0,0,0,0,0,0,0,4
2021-10-07,0,0,0,0,0,0,0,0,0,0,0,0,0,0,0,0,0,0,0,0,0,0,12
2021-10-08,1,0,0,0,0,0,0,0,0,0,0,0,0,0,0,0,0,0,0,0,0,0,3
2021-10-09,0,0,0,0,0,0,0,0,0,0,0,0,0,0,0,0,0,0,0,0,0,0,7
2021-10-10,0,1,0,0,0,0,0,0,0,0,0,0,0,0,0,0,0,0,0,0,0,0,10
2021-10-11,0,0,0,0,0,0,0,0,0,0,0,0,0,0,0,0,0,0,0,0,0,0,4
2021-10-12,0,0,0,0,0,0,0,0,0,0,0,0,0,0,0,0,0,0,0,0,0,0,4
2021-10-13,0,0,0,0,0,0,0,0,0,0,0,0,0,0,0,0,0,0,0,0,0,0,8
2021-10-14,0,0,0,0,0,0,0,0,0,0,0,0,0,0,0,0,0,0,0,0,0,0,4
2021-10-15,0,1,0,0,0,0,0,0,0,0,0,0,0,0,0,0,0,0,0,0,0,0,10
2021-10-16,0,0,0,0,0,0,0,0,0,0,0,0,0,0,0,0,0,0,0,0,0,0,1
2021-10-17,0,0,0,0,0,0,0,0,0,0,0,0,0,0,0,0,0,0,0,0,0,0,0
2021-10-18,0,1,0,0,0,0,0,0,0,0,0,0,0,0,0,0,0,0,0,0,0,0,5
2021-10-19,0,0,0,0,0,0,0,0,0,0,0,0,0,0,0,0,0,0,0,0,0,0,4
2021-10-20,0,0,0,0,0,0,0,0,0,0,0,0,0,0,0,0,0,0,0,0,0,0,2
2021-10-21,0,0,2,0,0,0,0,0,0,0,0,0,0,0,0,0,0,0,0,0,0,0,6
2021-10-22,0,0,0,0,0,0,0,0,0,0,0,0,0,0,0,0,0,0,0,0,0,0,7
2021-10-23,0,0,0,0,0,0,0,0,0,0,0,0,0,0,0,0,0,0,0,0,0,0,4
2021-10-24,1,1,0,0,0,0,0,0,0,0,0,0,0,0,0,0,0,0,0,0,0,0,6
2021-10-25,0,0,0,0,0,0,0,0,0,0,0,0,0,0,0,0,0,0,0,0,0,0,4
2021-10-26,0,0,0,0,0,0,0,0,0,0,0,0,0,0,0,0,0,0,0,0,0,0,8
2021-10-27,0,0,0,0,0,0,0,0,0,0,0,0,0,0,0,0,0,0,0,0,0,0,6
2021-10-28,0,0,0,0,0,0,0,0,0,0,0,0,0,0,0,0,0,0,0,0,0,0,5
2021-10-29,0,0,0,0,0,0,0,0,0,0,0,0,0,0,0,0,0,0,0,0,0,0,7
2021-10-30,0,0,0,0,0,0,0,0,0,0,0,0,0,0,0,0,0,0,0,0,0,0,6
2021-10-31,0,0,0,0,0,0,0,0,0,0,0,0,0,0,0,0,0,0,0,0,0,0,5
2021-11-01,0,0,0,0,0,0,0,0,0,0,0,0,0,0,0,0,0,0,0,0,0,0,4
2021-11-02,0,0,0,0,0,0,0,0,0,0,0,0,0,0,0,0,0,0,0,0,0,0,7
2021-11-03,1,0,0,0,0,0,0,0,0,0,0,0,0,0,0,0,0,0,0,0,0,0,1
2021-11-04,0,0,0,0,0,0,0,0,0,0,0,0,0,0,0,0,0,0,0,0,0,0,6
2021-11-05,0,0,0,0,0,0,0,0,0,0,0,0,0,0,0,0,0,0,0,0,0,0,2
2021-11-06,0,0,0,0,0,0,0,0,0,0,0,0,0,0,0,0,0,0,0,0,0,0,4
2021-11-07,0,0,0,0,0,0,0,0,0,0,0,0,0,0,0,0,0,0,0,0,0,0,3
2021-11-08,0,0,0,0,0,0,0,0,0,0,0,0,0,0,0,0,0,0,0,0,0,0,6
2021-11-09,0,0,0,0,0,0,0,0,0,0,0,0,0,0,0,0,0,0,0,0,0,0,5
2021-11-10,0,0,0,0,0,0,0,0,0,0,0,0,0,0,0,0,0,0,0,0,0,0,9
2021-11-11,0,0,0,0,0,0,0,0,0,0,0,0,0,0,0,0,0,0,0,0,0,0,10
2021-11-12,0,0,0,0,0,0,0,0,0,0,0,0,0,0,0,0,0,0,0,0,0,0,4
2021-11-13,0,0,0,0,0,0,0,0,0,0,0,0,0,0,0,0,0,0,0,0,0,0,8
2021-11-14,0,0,0,0,0,0,0,0,0,0,0,0,0,0,0,0,0,0,0,0,0,0,9
2021-11-15,0,0,0,0,0,0,0,0,0,0,0,0,0,0,0,0,0,0,0,0,0,0,2
2021-11-16,0,0,0,0,0,0,0,0,0,0,0,0,0,0,0,0,0,0,0,0,0,0,5
2021-11-17,0,0,0,0,0,0,0,0,0,0,0,0,0,0,0,0,0,0,0,0,0,0,3
2021-11-18,0,0,0,0,0,0,0,0,0,0,0,0,0,0,0,0,0,0,0,0,0,0,10
2021-11-19,0,0,0,0,0,0,0,0,0,0,0,0,0,0,0,0,0,0,0,0,0,0,4
2021-11-20,0,0,0,0,0,0,0,0,0,0,0,0,0,0,0,0,0,0,0,0,0,0,9
2021-11-21,0,0,0,0,0,0,0,0,0,0,0,0,0,0,0,0,0,0,0,0,0,0,3
2021-11-22,0,0,0,0,0,0,0,0,0,0,0,0,0,0,0,0,0,0,0,0,0,0,7
2021-11-23,0,0,0,0,0,0,0,0,0,0,0,0,0,0,0,0,0,0,0,0,0,0,5
2021-11-24,0,0,0,0,0,0,0,0,0,0,0,0,0,0,0,0,0,0,0,0,0,0,10
2021-11-25,0,0,0,0,0,0,0,0,0,0,0,0,0,0,0,0,0,0,0,0,0,0,12
2021-11-26,0,0,0,0,0,0,0,0,0,0,0,0,0,0,0,0,0,0,0,0,0,0,12
2021-11-27,0,0,0,0,0,0,0,0,0,0,0,0,0,0,0,0,0,0,0,0,0,0,10
2021-11-28,0,0,0,0,0,0,0,0,0,0,0,0,0,0,0,0,0,0,0,0,0,0,8
2021-11-29,0,0,0,0,0,0,0,0,0,0,0,0,0,0,0,0,0,0,0,0,0,0,5
2021-11-30,0,0,0,0,0,0,0,0,0,0,0,0,0,0,0,0,0,0,0,0,0,0,8
2021-12-01,0,0,0,0,0,0,0,0,0,0,0,0,0,0,0,0,0,0,0,0,0,0,17
2021-12-02,0,0,0,0,0,0,0,0,0,0,0,0,0,0,0,0,0,0,0,0,0,0,11
2021-12-03,0,0,0,0,0,0,0,0,0,0,0,0,0,0,0,0,0,0,0,0,0,0,11
2021-12-04,0,0,0,0,0,0,0,0,0,0,0,0,0,0,0,0,0,0,0,0,0,0,4
2021-12-05,0,0,0,0,0,0,0,0,0,0,0,0,0,0,0,0,0,0,0,0,0,0,10
2021-12-06,0,0,0,0,0,0,0,0,0,0,0,0,0,0,0,0,0,0,0,0,0,0,21
2021-12-07,0,0,0,0,0,0,0,0,0,0,0,0,0,0,0,0,0,0,0,0,0,0,5
2021-12-08,0,0,0,0,0,0,0,0,0,0,0,0,0,0,0,0,0,0,0,0,0,0,16
2021-12-09,0,2,0,0,0,0,0,0,0,0,0,0,0,0,0,0,0,0,0,0,0,0,15
2021-12-10,0,0,0,0,1,0,0,0,0,0,0,0,0,0,0,0,0,0,0,0,0,0,9
2021-12-11,0,0,0,0,0,0,0,0,0,0,0,0,0,0,0,0,0,0,0,0,0,0,6
2021-12-12,0,0,0,0,1,0,0,0,0,0,0,0,0,0,0,0,0,0,0,0,0,0,4
2021-12-13,0,1,0,1,1,0,0,0,0,0,0,0,0,0,0,0,0,0,0,0,0,0,7
2021-12-14,0,0,0,0,1,0,0,0,0,0,0,0,0,0,0,0,0,0,0,0,0,0,5
2021-12-15,1,0,0,0,0,0,0,0,0,0,0,0,0,0,0,0,0,0,0,0,0,0,12
2021-12-16,0,0,0,0,0,0,0,0,0,0,0,0,0,0,0,0,0,0,0,0,0,0,15
2021-12-17,0,0,0,0,0,0,0,0,0,0,0,0,0,0,0,0,0,0,0,0,0,0,13
2021-12-18,0,0,0,0,0,0,0,0,0,0,0,0,0,0,0,0,0,0,0,0,0,0,6
2021-12-19,0,0,0,0,0,0,0,0,0,0,0,0,0,0,0,0,0,0,0,0,0,0,11
2021-12-20,0,0,0,0,0,0,0,0,0,0,0,0,0,0,0,0,0,0,0,0,0,0,10
2021-12-21,0,0,0,0,0,0,0,0,0,0,0,0,0,0,0,0,0,0,0,0,0,0,14
2021-12-22,0,0,0,0,0,0,0,0,0,0,0,0,0,0,0,0,0,0,0,0,0,0,13
2021-12-23,0,0,0,0,0,0,0,0,0,0,0,0,0,0,0,0,0,0,0,0,0,0,20
2021-12-24,0,0,0,0,0,0,0,0,0,0,0,0,0,0,0,0,0,0,0,0,0,0,18
2021-12-25,0,1,0,0,0,0,0,0,0,0,0,0,0,0,0,0,0,0,0,0,0,0,23
2021-12-26,0,0,0,0,0,0,0,0,0,0,0,0,0,0,0,0,0,0,0,0,0,0,16
2021-12-27,0,1,0,0,0,0,0,0,0,0,0,0,0,0,0,0,0,0,0,0,0,0,18
2021-12-28,0,0,0,0,0,0,0,0,0,0,0,0,0,0,0,0,0,0,0,0,0,0,14
2021-12-29,0,0,0,0,0,0,0,0,0,0,0,0,0,0,0,0,0,0,0,0,0,0,23
2021-12-30,2,0,0,0,0,0,0,0,0,0,0,0,0,0,0,0,0,0,0,0,0,0,40
2021-12-31,0,0,0,0,0,0,0,0,0,0,0,0,0,0,0,0,0,0,0,0,0,0,21
2022-01-01,0,0,0,0,0,0,0,0,0,0,0,0,0,0,0,0,0,0,0,0,0,0,19
2022-01-02,1,0,0,0,0,0,0,0,0,0,0,0,0,0,0,0,0,0,0,0,0,0,25
2022-01-03,0,0,0,0,1,0,0,0,0,0,0,0,0,0,0,0,0,0,0,0,0,0,30
2022-01-04,0,0,1,0,2,0,0,0,0,0,0,0,0,0,0,0,0,0,0,0,0,0,25
2022-01-05,1,1,0,0,3,0,0,0,0,0,0,0,0,0,0,0,0,0,0,0,0,0,37
2022-01-06,0,0,0,0,4,0,0,0,0,0,0,0,0,0,0,0,0,0,0,0,0,0,58
2022-01-07,0,1,0,0,1,0,0,0,0,0,0,0,0,0,0,0,0,0,0,0,0,0,42
2022-01-08,1,0,0,0,6,0,0,0,0,0,0,0,0,0,0,0,0,0,0,0,0,0,48
2022-01-09,0,0,0,0,7,0,0,0,0,0,0,0,0,0,0,0,0,0,0,0,0,0,26
2022-01-10,1,0,0,0,7,0,0,0,0,0,0,0,0,0,0,0,0,0,0,0,0,0,58
2022-01-11,1,2,0,0,5,0,0,0,0,0,0,0,0,0,0,0,0,0,0,0,0,0,51
2022-01-12,0,1,0,0,12,0,0,0,0,0,0,0,0,0,0,0,0,0,0,0,0,0,83
2022-01-13,0,1,0,0,8,0,0,0,0,0,0,0,0,0,0,0,0,0,0,0,0,0,51
2022-01-14,1,0,0,0,6,0,0,0,0,0,0,0,0,0,0,0,0,0,0,0,0,0,68
2022-01-15,0,0,0,0,7,0,0,0,0,0,0,0,0,0,0,0,0,0,0,0,0,0,49
2022-01-16,1,2,0,0,12,0,2,0,0,0,0,0,0,0,0,0,0,0,0,0,0,0,45
2022-01-17,0,0,1,0,6,0,0,0,0,0,0,0,0,0,0,0,0,0,0,0,0,0,53
2022-01-18,0,1,0,0,13,5,0,0,0,0,0,0,0,0,0,0,0,0,0,0,0,0,37
2022-01-19,0,1,0,0,11,0,0,0,0,0,0,0,0,0,0,0,0,0,0,0,0,0,35
2022-01-20,2,0,0,0,7,0,0,0,0,0,0,0,0,0,0,5,0,0,0,0,0,0,35
2022-01-21,1,1,0,0,48,0,0,0,0,0,0,0,0,0,0,13,0,0,0,0,0,0,49
2022-01-22,2,1,0,0,26,0,0,0,0,0,0,0,0,0,0,20,0,0,0,0,0,0,40
2022-01-23,2,0,0,3,23,1,3,0,0,0,0,0,0,0,0,5,0,0,0,0,0,0,39
2022-01-24,0,1,0,2,7,0,0,0,0,0,0,0,0,0,1,7,0,0,0,0,0,0,27
2022-01-25,2,2,0,0,16,0,0,0,0,0,0,0,0,0,2,11,0,0,0,0,0,0,33
2022-01-26,1,1,0,0,24,0,0,0,0,0,0,0,0,0,0,6,0,0,0,0,0,0,54
2022-01-27,5,1,0,0,11,0,0,0,2,0,0,0,0,0,1,8,0,0,0,0,0,0,47
2022-01-28,1,0,0,1,10,0,0,0,0,0,0,0,0,0,0,7,0,0,0,0,0,0,27
2022-01-29,0,1,0,0,9,0,0,0,0,0,0,0,0,0,0,5,1,0,0,0,0,0,38
2022-01-30,1,1,0,0,6,0,0,0,0,0,0,0,0,0,0,9,0,0,0,0,0,0,36
2022-01-31,0,0,0,0,6,0,0,0,0,0,0,0,0,0,0,9,0,0,0,0,0,0,48
2022-02-01,1,0,0,0,3,0,0,0,0,0,0,0,0,0,0,8,0,0,0,0,0,0,21
2022-02-02,0,1,0,0,14,0,0,0,0,0,0,0,0,0,0,15,0,0,0,0,0,0,49
2022-02-03,1,3,0,0,4,0,0,0,0,0,0,0,0,0,0,8,0,0,0,0,0,0,31
2022-02-04,1,0,0,0,13,0,0,0,0,0,0,0,0,0,0,15,0,0,0,0,0,0,38
2022-02-05,0,3,0,0,23,0,0,0,0,0,0,0,0,0,0,3,0,0,0,0,0,0,33
2022-02-06,0,1,0,0,7,0,0,0,0,0,0,0,0,0,0,1,0,0,0,0,0,0,35
2022-02-07,6,1,0,0,1,0,0,1,0,0,0,0,0,0,0,0,0,0,0,0,0,0,36
2022-02-08,1,7,0,0,13,0,0,1,0,0,0,0,0,0,0,5,0,0,0,0,0,0,28
2022-02-09,0,3,0,0,10,0,0,0,0,1,0,0,0,0,0,4,3,0,0,0,0,0,56
2022-02-10,0,17,0,0,3,0,0,0,0,0,0,0,0,0,0,8,0,0,0,0,0,0,51
2022-02-11,0,0,0,0,4,0,0,1,0,0,0,0,0,0,1,5,0,0,0,0,0,0,52
2022-02-12,0,2,0,0,1,0,1,4,0,0,0,0,0,0,0,0,0,0,0,0,0,0,50
2022-02-13,0,5,0,0,1,0,0,2,0,0,0,0,0,0,0,1,0,0,0,0,0,0,38
2022-02-14,0,0,0,0,2,0,0,0,0,0,0,0,0,0,0,2,0,0,0,0,0,0,56
2022-02-15,1,5,0,0,1,0,0,0,0,0,0,0,0,0,0,5,0,0,0,0,0,0,41
2022-02-16,3,4,0,0,1,0,0,2,0,0,0,0,0,0,1,2,0,0,0,0,0,0,43
2022-02-17,1,6,0,0,0,0,0,0,0,0,0,0,0,0,2,3,0,0,0,0,0,0,62
2022-02-18,5,8,0,1,0,0,0,0,0,0,0,0,0,0,0,0,0,0,0,0,0,0,53
2022-02-19,2,4,0,0,0,0,0,3,0,0,0,0,0,0,1,0,0,0,0,0,0,0,80
2022-02-20,1,0,0,0,2,0,0,0,0,0,0,0,0,0,1,1,0,0,0,0,0,0,35
2022-02-21,0,2,0,0,0,0,0,0,0,0,0,0,0,0,1,0,0,0,0,0,0,0,55
2022-02-22,0,5,0,0,0,0,0,0,0,0,0,0,0,0,0,0,0,0,0,0,0,0,30
2022-02-23,1,2,0,0,0,0,1,0,0,0,0,0,0,0,0,1,0,0,0,0,0,0,77
2022-02-24,0,1,0,1,0,0,2,0,1,0,0,0,0,0,0,0,0,0,0,0,0,0,73
2022-02-25,1,1,0,0,0,0,0,0,0,0,0,0,0,0,0,0,0,0,0,0,0,0,56
2022-02-26,0,1,0,1,3,0,0,0,0,0,0,0,0,0,0,0,0,0,0,0,0,0,55
2022-02-27,0,4,0,0,12,0,0,0,0,0,0,0,0,0,1,0,0,0,0,0,0,0,27
2022-02-28,1,1,0,0,9,0,0,0,0,0,0,0,0,0,0,0,0,0,0,0,0,0,63
2022-03-01,0,0,0,0,2,0,0,0,0,0,0,0,0,0,0,0,0,0,0,0,0,0,42
2022-03-02,0,1,0,0,2,0,0,0,0,2,0,0,0,0,0,0,0,0,0,0,0,0,60
2022-03-03,0,0,0,0,1,0,0,0,0,0,0,0,0,0,0,1,0,0,0,0,0,0,61
2022-03-04,0,0,0,0,3,0,0,0,0,0,0,0,0,0,1,3,0,0,0,0,0,0,73
2022-03-05,0,1,0,0,0,0,0,0,0,0,0,0,0,0,0,1,0,0,0,0,0,0,51
2022-03-06,0,0,0,0,0,0,0,0,0,0,0,0,0,0,4,0,0,0,0,0,0,0,27
2022-03-07,0,0,0,2,0,0,0,0,0,0,0,0,0,0,4,1,0,0,0,0,0,0,42
2022-03-08,0,0,0,0,0,0,0,0,0,0,0,0,0,0,2,2,0,0,0,0,0,0,48
2022-03-09,0,0,0,0,0,0,0,0,0,0,0,0,0,0,0,0,0,0,0,0,0,0,86
2022-03-10,0,1,0,0,0,0,0,0,0,0,0,0,0,0,3,0,0,0,0,0,0,0,87
2022-03-11,2,0,0,0,0,0,0,0,0,0,0,0,0,0,1,0,0,0,0,0,0,0,59
2022-03-12,2,0,0,0,0,0,0,0,0,0,0,0,0,0,3,0,0,0,0,0,0,0,60
2022-03-13,0,2,0,0,1,0,0,0,0,0,0,0,0,0,1,0,0,0,0,0,0,0,61
2022-03-14,0,0,1,0,0,0,0,0,0,0,0,0,0,0,0,0,0,0,0,0,0,0,66
2022-03-15,0,0,0,0,2,0,0,0,0,0,0,0,0,0,0,0,0,0,0,0,0,0,70
2022-03-16,0,0,0,0,1,0,0,0,0,0,0,0,0,0,0,0,0,0,0,0,0,0,84
2022-03-17,0,0,0,0,0,0,0,0,0,0,0,0,0,0,0,0,0,0,0,0,0,0,79
2022-03-18,1,0,0,0,0,0,0,0,0,0,0,0,1,0,0,0,0,0,0,0,0,0,115
2022-03-19,0,0,0,0,3,0,0,0,0,0,0,0,1,3,0,0,0,0,0,0,0,0,118
2022-03-20,1,3,0,0,0,0,0,0,0,0,0,0,2,1,2,0,0,0,0,0,0,0,81
2022-03-21,1,0,0,0,0,0,0,0,0,0,0,4,0,1,1,0,0,0,0,0,0,0,95
2022-03-22,3,0,0,0,0,0,0,0,0,0,0,0,0,1,0,0,0,0,0,0,0,0,90
2022-03-23,1,1,0,0,0,0,0,0,0,0,0,2,0,0,0,1,0,0,0,0,0,0,115
2022-03-24,0,1,0,0,0,0,0,0,0,0,0,0,0,0,1,11,0,0,0,0,0,0,125
2022-03-25,0,11,4,0,0,0,0,0,0,0,0,0,0,0,0,4,0,0,0,0,0,0,87
2022-03-26,0,14,15,0,1,0,0,0,0,0,0,0,0,0,0,1,0,0,0,0,0,0,129
2022-03-27,1,8,7,0,2,2,54,0,0,0,0,0,0,0,0,3,0,0,6,0,0,0,65
2022-03-28,5,10,15,0,4,0,4,0,0,2,0,0,0,0,0,2,0,0,3,0,0,0,99
2022-03-29,1,10,8,0,5,1,0,0,0,0,0,0,0,0,0,3,0,0,1,0,0,0,68
2022-03-30,7,16,33,0,14,2,2,0,0,0,0,0,0,0,0,2,0,0,7,0,0,0,162
2022-03-31,10,35,18,3,23,0,1,0,2,4,0,0,0,0,0,4,0,4,0,0,0,1,119
2022-04-01,19,51,35,5,22,1,2,0,2,3,0,0,0,0,0,6,0,4,1,0,0,1,144
2022-04-02,13,82,41,8,25,2,8,0,3,0,0,0,0,0,0,6,4,2,0,0,0,0,218
2022-04-03,22,43,33,5,16,2,11,0,1,0,0,0,0,0,0,1,1,2,0,0,0,1,129
2022-04-04,29,91,31,3,13,7,11,0,4,2,0,0,0,0,0,5,0,11,0,0,0,0,83
2022-04-05,41,95,28,5,10,8,14,1,2,3,0,0,0,2,4,34,1,5,1,0,0,0,82
2022-04-06,83,114,38,2,34,4,8,0,5,1,0,3,0,7,5,36,4,19,1,0,0,1,123
2022-04-07,61,156,31,5,30,5,10,3,5,1,0,3,0,1,7,50,6,25,1,0,0,0,115
2022-04-08,74,139,40,6,41,3,6,3,7,3,0,1,2,7,6,30,9,20,0,0,0,0,111
2022-04-09,67,125,28,15,42,6,14,0,7,0,2,2,6,3,17,25,22,13,0,0,0,0,182
2022-04-10,97,173,35,12,36,10,13,4,9,3,0,6,1,5,4,30,18,24,2,0,0,0,136
2022-04-11,101,154,38,9,30,6,16,2,21,3,1,2,0,4,9,49,12,28,1,0,0,0,179
2022-04-12,142,254,57,11,75,15,22,3,26,7,1,1,3,3,11,63,19,44,2,0,0,0,165
2022-04-13,147,360,59,14,94,9,21,3,26,2,2,0,2,1,18,45,4,54,3,0,0,1,101
2022-04-14,145,344,45,35,153,15,14,7,31,4,2,3,2,3,20,50,19,143,20,0,0,0,97
2022-04-15,185,407,93,39,264,15,15,17,38,16,4,3,1,1,32,58,15,56,11,0,0,0,68
2022-04-16,222,421,102,54,193,9,7,5,24,7,3,7,2,1,11,41,15,121,18,0,0,0,187
2022-04-17,246,517,106,57,187,15,15,6,40,4,7,5,0,10,18,26,18,57,16,1,0,0,81
2022-04-18,284,559,162,64,199,23,17,11,50,8,2,7,2,3,41,50,17,73,6,1,3,0,56
2022-04-19,399,772,193,85,348,21,26,12,69,17,15,15,3,0,33,106,26,88,5,1,3,0,125
2022-04-20,618,"1,015",204,79,394,24,39,16,134,35,10,39,6,4,33,68,36,90,24,0,2,0,74
2022-04-21,753,"1,298",258,87,396,25,46,27,177,50,10,52,2,5,62,121,20,100,38,2,1,5,126
2022-04-22,831,"1,511",221,96,704,36,64,30,187,32,22,50,8,7,44,96,27,129,26,1,1,2,99
2022-04-23,980,"1,742",292,119,992,44,54,20,154,48,11,28,18,13,42,135,36,171,36,1,2,5,113
2022-04-24,999,"2,066",364,320,797,43,73,27,193,50,17,27,9,13,70,153,36,162,25,1,2,1,90
2022-04-25,"1,471","2,268",425,127,"1,164",62,102,34,284,81,13,29,7,28,89,198,76,215,40,3,0,9,72
2022-04-26,"1,811","3,329",476,130,"1,446",82,110,54,356,89,32,60,14,24,169,269,63,248,20,11,3,11,105
2022-04-27,"2,335","4,651",493,167,"1,480",105,118,59,629,88,43,78,24,28,183,343,96,308,74,4,6,3,165
2022-04-28,"2,570","4,272",600,160,"1,996",100,162,58,590,179,56,89,35,25,217,393,112,278,52,7,4,3,129
2022-04-29,"3,002","5,945",718,291,"2,213",117,184,82,764,137,47,138,36,79,253,469,129,334,51,5,5,15,250
2022-04-30,"3,983","6,059",816,301,"2,758",148,184,78,822,198,72,144,30,44,289,443,188,276,72,9,3,13,202
2022-05-01,"3,459","7,235",884,378,"2,740",73,222,92,849,192,79,138,66,78,375,681,273,392,81,14,5,12,59
2022-05-02,"4,412","8,539","1,217",392,"3,431",157,317,142,"1,207",198,61,238,78,89,451,818,275,422,94,14,8,5,45
2022-05-03,"5,098","10,632","1,008",467,"4,811",181,524,197,"1,711",295,124,244,79,138,739,"1,043",412,434,111,23,6,11,54
2022-05-04,"6,040","10,637",924,623,"4,899",200,558,183,"1,842",344,148,216,97,122,771,"1,182",408,559,128,30,3,18,75
2022-05-05,"7,297","12,512","1,453",621,"6,298",352,559,260,"1,926",396,156,350,113,137,866,"1,785",411,379,156,26,9,4,35
2022-05-06,"8,174","16,343","1,553",763,"6,908",473,753,324,"2,535",469,208,358,109,189,"1,264","2,184",547,794,234,59,17,12,133
2022-05-07,"7,486","18,909","1,321",820,"5,490",514,710,352,"2,367",494,249,348,123,211,"1,206","2,072",657,574,196,26,14,20,82
2022-05-08,"6,443","15,009","1,490",963,"6,356",331,766,322,"2,126",471,199,360,141,177,"1,331","1,981",712,719,265,59,5,10,39
2022-05-09,"7,756","12,681","1,506",827,"5,940",534,626,323,"2,229",566,189,467,107,171,"1,401","2,067",596,570,166,43,0,16,32
2022-05-10,"9,421","25,884","2,123","1,320","11,101","1,101","1,769",751,"4,498",991,415,562,274,323,"2,135","3,729","1,129","1,033",347,94,13,27,42
2022-05-11,"9,823","25,318","1,850","1,093","10,166",821,"1,350",732,"3,770",935,364,558,179,353,"2,187","3,324",943,"1,168",322,62,4,55,69
2022-05-12,"10,893","23,537","2,020","1,359","9,518",579,"1,637",717,"3,696","1,104",314,552,241,297,"2,232","3,757","1,071",963,333,86,16,38,21
2022-05-13,"8,877","22,446","1,914","1,683","9,533","1,263","1,696",624,"4,350","1,056",415,604,231,391,"2,456","3,888","1,019",827,367,76,10,105,46
2022-05-14,"10,834","24,068","2,136","1,819","9,700","1,369","1,926",837,"4,002","1,326",470,631,208,382,"2,325","3,985","1,171",987,282,73,3,111,76
2022-05-15,"8,621","21,054","1,705","1,567","8,702",852,"1,648",979,"4,421","1,312",476,597,266,395,"2,461","4,340",974,761,334,92,7,112,41
2022-05-16,"9,081","19,152","1,921","1,450","10,187","1,143","2,215","1,099","4,720","1,563",616,574,378,537,"2,701","5,070","1,430","1,137",369,112,13,70,63
2022-05-17,"10,960","28,482","2,405","1,835","9,538","1,296","2,390","1,069","6,741","1,881",701,899,394,602,"3,883","6,961","1,928","1,292",613,143,12,120,24
2022-05-18,"11,247","26,421","2,557","2,061","14,018","1,896","2,811","1,461","7,495","2,188",950,"1,014",491,628,"4,646","6,825","2,004","1,264",637,144,21,119,52
2022-05-19,"10,342","24,529","2,042","2,193","11,741","1,696","2,819","1,265","7,194","2,187",743,965,382,672,"4,652","7,716","2,154","1,137",610,122,7,94,45
2022-05-20,"9,830","24,321","1,735","1,942","10,504","1,556","2,519","1,584","7,883","2,769",945,"1,136",529,765,"4,528","7,845","2,131","1,235",539,145,1,104,49
2022-05-21,"8,909","21,541","1,784","1,712","11,325","1,626","2,376","1,646","7,130","2,312",896,916,461,730,"4,543","7,492","2,081","1,112",504,121,59,112,58
2022-05-22,"6,629","16,232","1,431","1,424","8,779","1,298","1,939","1,146","7,118","1,997",853,763,337,575,"4,453","7,430","1,890","1,066",515,138,34,119,24
2022-05-23,"7,927","17,356","1,874","2,071","10,618","1,628","2,246","1,598","9,083","4,023","1,206","1,177",574,883,"5,477","9,765","2,495","1,388",877,160,30,92,88
2022-05-24,"8,208","22,460","1,760","1,649","10,492","1,788","2,674","1,817","9,815","3,383","1,239","1,366",554,"1,036","5,819","10,011","2,774","1,588",690,144,24,98,21
2022-05-25,"8,239","18,560","1,661","2,009","9,554","1,686","2,345","1,702","9,967","3,186",997,"1,091",518,929,"5,786","8,861","2,479","1,299",680,145,15,114,59
2022-05-26,"8,469","20,587","2,021","1,658","10,005","2,184","2,788","2,209","11,512","4,099","1,285","1,703",660,"1,012","7,231","11,707","2,569","1,391",811,126,23,65,35
2022-05-27,"7,242","17,008","1,424","1,773","8,967","1,765","2,622","1,973","9,061","3,489",973,"1,470",594,966,"6,566","10,064","2,417","1,315",718,127,81,132,52
2022-05-28,"6,649","15,700","1,229","1,473","9,407","1,697","2,047","1,650","8,923","3,813",980,"1,085",530,960,"5,777","9,986","2,362","1,141",814,133,28,103,64
2022-05-29,"5,031","11,346","1,038",925,"6,492","1,134","1,958","1,622","7,647","3,102",882,"1,137",439,749,"4,151","8,697","1,983",934,565,85,18,68,57
2022-05-30,"5,957","15,244","1,623","1,585","7,839","1,761","2,124","1,901","10,661","4,610","1,386","1,553",815,"1,117","6,391","10,930","2,712","1,275",789,194,9,106,71
2022-05-31,"6,658","15,687","1,401","1,535","9,586","2,027","2,576","1,960","11,674","4,794","1,491","1,883",721,"1,187","7,492","11,997","2,907","1,483",856,145,50,72,24
2022-06-01,"5,454","13,508","1,179","1,397","7,915","1,624","2,381","1,544","10,749","4,478","1,341","1,408",769,"1,132","5,960","11,001","2,566","1,239",832,154,25,81,46
2022-06-02,"5,248","12,535","1,258","1,494","7,503","1,660","2,199","1,823","10,633","4,446","1,463","1,482",749,"1,151","6,360","11,312","2,730","1,249",863,169,34,107,47
2022-06-03,"4,467","10,494","1,009","1,201","7,153","1,572","2,007","1,710","9,524","4,376","1,320","1,404",760,"1,117","5,403","10,083","2,529","1,001",627,137,24,153,33
2022-06-04,"3,782","9,617",692,"1,210","6,040","1,293","1,542","1,497","8,804","4,139","1,203","1,393",580,"1,044","5,306","9,610","2,358",983,688,146,13,109,30
2022-06-05,"3,196","8,150","1,051",821,"5,343","1,050","1,547","1,353","7,111","3,670","1,153","1,172",561,864,"4,288","7,843","2,028",938,511,146,42,121,31
2022-06-06,"5,021","12,168","1,121","1,534","6,907","1,556","1,757","1,973","12,601","5,602","1,954","1,850","1,067","1,612","7,212","13,228","3,180","1,398",791,232,10,130,54
2022-06-07,"4,695","12,139","1,076","1,356","8,391","1,860","2,334","1,675","11,665","5,381","1,726","1,752",874,"1,330","6,777","11,716","2,934","1,212",874,247,57,60,29
2022-06-08,"4,313","10,940",935,"1,226","6,563","1,603","1,791","1,704","10,664","5,097","1,493","1,719",928,"1,417","6,020","11,527","2,827","1,117",704,182,3,103,46
2022-06-09,"4,203","9,559",933,"1,211","6,350","1,335","1,779","1,465","10,180","4,947","1,541","1,483",732,"1,254","5,996","10,515","2,694","1,048",751,176,22,104,36
2022-06-10,"3,310","7,142",705,798,"4,378",989,"1,163","1,090","7,679","3,971","1,052","1,254",578,"1,000","4,529","9,230","2,170",740,554,153,17,66,36
2022-06-11,"4,328","10,380",984,"1,379","7,021","1,666","1,854","1,846","11,532","6,216","1,836","1,846",966,"1,618","7,021","11,877","2,934",969,854,238,31,125,43
2022-06-12,"2,674","5,889",547,691,"4,223",833,"1,178","1,105","6,680","3,491","1,054","1,028",534,802,"3,819","7,413","1,765",668,438,168,12,44,29
2022-06-13,"3,521","8,409",838,"1,262","5,075","1,219","1,615","1,617","10,305","5,053","1,714","1,861",892,"1,424","6,031","10,262","2,975",954,763,182,16,100,70
2022-06-14,"3,791","8,855",847,"1,170","6,080","1,289","1,539","1,640","10,815","5,448","1,528","1,691",763,"1,240","6,710","10,635","2,884",893,744,223,28,94,26
2022-06-15,"3,449","7,880",822,"1,122","5,273","1,301","1,434","1,529","9,667","5,042","1,489","1,591",742,"1,338","5,998","9,857","2,765",870,628,211,13,109,54
2022-06-16,"3,174","7,040",688,951,"4,480","1,022","1,223","1,282","8,422","4,204","1,366","1,435",735,"1,054","5,293","8,764","2,430",727,532,207,35,99,75
2022-06-17,"3,022","6,685",681,923,"4,655",913,"1,226","1,264","8,046","4,152","1,271","1,528",737,"1,108","5,178","8,195","2,310",781,581,201,23,120,66
2022-06-18,"2,915","6,328",677,943,"4,116","1,020","1,210","1,066","7,948","3,681","1,286","1,300",662,"1,032","5,024","7,879","2,057",639,456,198,15,86,77
2022-06-19,"2,151","4,331",450,560,"3,121",669,952,905,"5,395","2,923",922,"1,059",427,661,"2,992","5,638","1,385",553,288,136,15,51,36
2022-06-20,"3,168","7,098",593,851,"3,856",933,"1,065","1,374","8,440","4,512","1,542","1,802",946,"1,404","5,389","8,771","2,725",782,675,235,28,122,67
2022-06-21,"3,180","6,654",702,934,"4,601","1,106","1,349","1,147","7,997","3,815","1,246","1,596",772,"1,034","4,674","7,508","2,293",725,507,209,38,101,35
2022-06-22,"3,076","6,523",575,818,"4,058",955,"1,156","1,098","7,131","3,522","1,200","1,322",705,"1,073","4,312","7,257","2,056",650,401,220,14,131,73
2022-06-23,"2,850","6,048",562,737,"3,991",867,"1,016","1,008","6,811","3,245","1,178","1,388",588,897,"4,258","6,819","1,975",655,431,170,36,121,90
2022-06-24,"2,469","5,402",530,687,"3,243",801,"1,027",970,"6,135","2,997",972,"1,304",605,814,"3,490","5,944","1,635",578,406,170,22,74,107
2022-06-25,"2,429","5,522",491,761,"3,796",850,"1,000",879,"5,623","2,705",920,"1,130",547,762,"3,675","5,756","1,499",563,358,181,21,110,60
2022-06-26,"1,830","3,829",364,484,"2,766",590,758,778,"4,071","1,988",620,860,351,595,"2,408","4,208","1,062",451,253,140,16,51,95
2022-06-27,"2,747","5,970",492,832,"3,502",786,"1,076","1,125","6,474","3,321","1,072","1,409",649,"1,073","4,027","6,331","1,877",643,535,200,22,190,51
2022-06-28,"2,982","6,075",531,781,"3,992",892,"1,028",982,"6,224","2,697",910,"1,134",590,843,"3,814","5,524","1,610",705,500,159,22,99,92
2022-06-29,"2,773","5,638",490,694,"3,683",787,924,900,"5,719","2,526",920,"1,078",516,812,"3,239","5,327","1,453",640,453,140,12,96,98
2022-06-30,"2,495","5,316",446,615,"3,388",707,917,842,"5,249","2,331",782,968,486,729,"3,033","4,779","1,297",590,415,172,30,88,100
2022-07-01,"2,337","4,981",393,658,"3,451",750,907,893,"5,047","2,153",729,"1,039",455,755,"2,900","4,738","1,219",584,432,156,23,125,79
2022-07-02,"2,419","5,041",464,732,"3,159",774,902,754,"4,502","1,980",698,853,395,674,"2,797","4,243","1,142",449,312,165,28,88,115
2022-07-03,"1,721","3,633",247,466,"2,448",488,633,611,"3,287","1,295",488,614,213,439,"1,762","2,964",817,436,235,136,18,83,73
2022-07-04,"2,691","5,276",399,786,"3,144",657,905,963,"5,025","2,251",801,"1,074",563,850,"2,986","4,651","1,370",604,479,187,45,195,101
2022-07-05,"2,738","5,650",446,765,"3,714",754,919,854,"4,789","1,809",702,874,403,687,"2,750","3,970","1,233",600,478,183,33,127,78
2022-07-06,"2,576","5,452",465,672,"3,115",582,777,788,"4,155","1,772",633,811,347,658,"2,363","3,763","1,106",592,379,167,19,152,98
2022-07-07,"2,490","4,943",431,671,"3,196",666,778,807,"3,918","1,649",681,878,361,606,"2,278","3,622","1,063",538,375,170,19,156,163
2022-07-08,"2,245","4,409",397,685,"2,817",546,766,689,"3,683","1,515",562,804,341,652,"2,147","3,412","1,077",521,394,172,26,150,104
2022-07-09,"2,352","4,778",421,702,"2,941",646,730,698,"3,596","1,378",562,657,287,502,"2,211","3,227",939,463,331,122,23,135,137
2022-07-10,"1,595","3,187",222,456,"2,111",398,533,452,"2,632","1,070",377,557,202,357,"1,337","2,169",596,353,208,108,23,94,80
2022-07-11,"2,518","5,079",402,755,"2,868",515,735,909,"4,070","1,602",615,998,412,791,"2,449","3,847","1,074",558,507,162,44,205,147
2022-07-12,"2,815","5,135",429,646,"3,273",677,741,796,"3,968","1,433",536,754,315,562,"2,143","3,351","1,001",492,424,129,36,171,65
2022-07-13,"2,477","4,927",463,639,"2,823",634,800,669,"3,672","1,364",495,720,312,546,"1,965","3,136",849,436,347,137,23,144,87
2022-07-14,"2,315","4,429",353,552,"2,716",560,677,674,"3,338","1,243",445,726,253,484,"1,775","2,809",778,421,329,148,23,142,88
2022-07-15,"2,140","4,544",420,622,"2,685",498,667,695,"3,251","1,210",449,686,327,503,"1,784","2,892",833,438,286,133,24,145,46
2022-07-16,"2,230","4,322",388,626,"2,606",604,667,654,"3,091","1,155",422,597,219,394,"1,716","2,704",712,429,286,126,29,211,7
2022-07-17,"1,551","3,041",237,394,"1,907",395,563,478,"2,252",859,338,464,230,334,"1,258","2,044",474,315,198,92,23,88,570
2022-07-18,"2,686","4,589",417,696,"2,461",554,733,663,"3,437","1,236",506,764,337,559,"1,799","3,144",903,546,337,134,21,225,368
2022-07-19,"2,638","4,769",412,653,"3,007",645,782,746,"3,425","1,192",428,671,295,508,"1,856","2,912",755,550,353,126,31,153,257
2022-07-20,"2,537","4,514",390,535,"2,514",591,703,626,"3,178","1,104",444,622,249,522,"1,906","2,746",701,412,311,145,21,117,263
2022-07-21,"2,269","4,273",348,588,"2,553",569,666,631,"2,887","1,031",436,565,289,445,"1,826","2,690",684,486,285,111,24,142,281
2022-07-22,"2,130","3,817",337,582,"2,304",553,640,571,"2,938","1,033",418,569,278,441,"1,635","2,458",654,467,250,111,28,119,247
2022-07-23,"1,979","4,021",324,548,"2,251",518,666,542,"2,659",968,350,523,236,423,"1,700","2,352",566,374,208,75,19,142,274
2022-07-24,"1,565","3,134",230,364,"1,839",329,504,472,"2,090",794,327,408,171,326,"1,332","1,908",433,311,159,110,16,93,207
2022-07-25,"2,304","4,188",381,641,"2,225",491,603,722,"3,146","1,211",468,739,347,553,"1,926","2,805",787,544,300,135,15,234,287
2022-07-26,"2,368","4,736",357,600,"2,666",610,724,730,"3,200","1,161",419,602,312,487,"1,976","2,857",702,463,273,137,8,118,169
2022-07-27,"2,304","4,361",438,521,"2,404",564,712,704,"2,972","1,066",445,576,262,423,"1,836","2,508",644,456,267,142,21,172,149
2022-07-28,"2,088","4,244",325,507,"2,408",558,687,619,"2,731","1,088",362,612,301,433,"1,844","2,477",667,454,263,123,11,152,305
2022-07-29,"1,860","3,945",306,424,"2,174",571,609,598,"2,783","1,032",320,517,231,347,"1,665","2,316",563,427,273,149,18,125,228
2022-07-30,"1,901","3,844",334,408,"2,267",518,646,540,"2,621",979,363,481,265,411,"1,581","2,142",580,398,251,146,11,130,243
2022-07-31,"1,452","2,985",245,356,"1,840",381,502,539,"2,013",710,322,426,196,321,"1,252","1,760",397,297,172,103,10,72,231
2022-08-01,"2,102","4,109",333,455,"2,061",481,671,711,"2,993","1,139",410,682,334,462,"1,986","2,595",710,424,296,134,16,177,256
2022-08-02,"2,243","4,579",402,510,"2,573",645,738,686,"3,017",937,409,581,311,430,"1,850","2,360",592,353,245,122,11,116,199
2022-08-03,"2,249","4,500",334,420,"2,334",576,737,589,"2,845","1,036",397,576,245,384,"1,715","2,306",544,413,258,96,4,111,251
2022-08-04,"2,203","4,138",341,470,"2,290",519,633,598,"2,673",919,376,532,252,361,"1,649","2,154",556,416,219,106,9,128,289
2022-08-05,"2,046","3,798",327,432,"2,155",449,642,564,"2,356",817,328,550,218,376,"1,415","2,013",534,294,199,123,6,96,212
2022-08-06,"2,142","4,187",380,432,"2,339",558,695,618,"2,689",958,388,464,223,392,"1,656","2,103",580,373,217,164,3,107,273
2022-08-07,"1,371","2,956",271,277,"1,718",335,507,438,"1,881",682,283,410,150,285,"1,124","1,519",348,289,139,93,2,113,208
2022-08-08,"2,448","4,360",343,465,"2,162",521,603,721,"3,076","1,083",396,698,266,492,"1,798","2,402",612,401,267,188,7,125,211
2022-08-09,"2,423","4,621",387,537,"2,669",628,736,742,"2,998",999,393,506,239,375,"1,653","2,187",530,412,220,246,13,130,140
2022-08-10,"2,376","4,597",354,455,"2,570",569,700,679,"2,837",904,396,564,223,354,"1,547","2,132",543,377,173,114,10,149,254
2022-08-11,"2,283","4,522",347,491,"2,444",485,660,729,"2,668",958,357,488,209,306,"1,490","1,883",509,391,193,201,6,129,225
2022-08-12,"2,319","4,261",344,435,"2,332",526,662,621,"2,556",921,350,476,211,370,"1,505","1,832",448,306,222,229,13,95,230
2022-08-13,"2,262","4,509",419,491,"2,332",536,571,538,"2,484",849,306,520,171,308,"1,370","1,848",431,346,179,203,3,103,287
2022-08-14,"1,675","3,225",227,344,"1,987",369,503,527,"1,885",680,275,340,123,222,933,"1,349",320,278,120,95,7,94,194
2022-08-15,"2,464","4,768",343,569,"2,212",567,593,784,"2,725","1,085",390,554,276,434,"1,596","2,095",543,435,217,121,10,93,272
2022-08-16,"2,911","5,278",404,544,"2,786",739,738,648,"2,999",926,424,511,207,338,"1,615","2,142",583,461,233,74,10,56,205
2022-08-17,"2,701","4,910",419,525,"2,575",629,721,643,"2,789",901,367,519,243,384,"1,457","1,910",520,439,203,111,6,91,335
2022-08-18,"2,626","4,959",357,544,"2,624",619,708,607,"2,727",894,327,483,189,300,"1,358","1,885",494,373,222,115,10,108,259
2022-08-19,"2,524","4,656",374,548,"2,470",622,640,561,"2,715",908,410,500,196,294,"1,296","1,848",524,420,198,75,14,99,234
2022-08-20,"2,481","5,104",433,514,"2,458",665,658,637,"2,564",788,379,463,178,315,"1,298","1,893",531,343,194,122,7,90,256
2022-08-21,"1,882","3,595",295,312,"2,122",478,534,493,"1,876",650,268,341,166,263,"1,053","1,387",368,275,160,75,3,64,240
2022-08-22,"3,072","5,480",423,636,"2,702",667,716,759,"3,041","1,050",451,659,295,421,"1,598","2,307",644,502,303,140,24,163,287
2022-08-23,"3,191","6,548",485,603,"3,317",892,840,737,"3,422","1,046",400,565,200,427,"1,624","2,488",591,463,302,133,1,89,170
2022-08-24,"3,278","6,141",534,580,"2,925",724,833,702,"3,019","1,026",387,591,231,421,"1,673","2,265",563,525,251,133,6,102,308
2022-08-25,"2,905","5,879",507,599,"2,957",790,868,755,"3,038","1,044",391,564,254,393,"1,576","2,203",601,522,258,133,50,93,349
2022-08-26,"3,086","5,706",447,553,"2,959",748,769,647,"2,990",930,392,513,244,378,"1,483","2,182",573,500,264,117,21,87,279
2022-08-27,"3,104","5,981",516,559,"2,942",837,807,662,"3,106","1,068",352,481,254,417,"1,632","2,217",562,505,228,101,14,80,314
2022-08-28,"2,381","4,240",388,408,"2,479",636,820,517,"2,278",804,312,380,195,287,"1,172","1,593",447,431,155,125,32,62,285
2022-08-29,"3,723","6,940",505,665,"3,180",681,831,875,"3,778","1,273",480,721,373,501,"1,949","2,731",728,571,344,143,20,136,299
2022-08-30,"4,143","7,952",693,598,"3,795","1,063","1,074",877,"4,159","1,334",454,647,292,440,"2,089","2,761",731,631,328,168,27,96,219
2022-08-31,"4,150","7,708",627,601,"3,555",990,"1,106",919,"4,019","1,439",567,638,349,504,"1,975","2,856",707,606,236,138,18,120,240
2022-09-01,"4,109","7,481",612,660,"3,793",944,"1,062",879,"4,003","1,360",477,665,346,458,"1,934","2,733",736,651,235,176,23,108,334
2022-09-02,"3,932","7,224",588,643,"3,699",986,"1,131",800,"3,860","1,241",451,744,306,459,"1,948","2,615",740,627,210,158,19,120,280
2022-09-03,"4,104","7,923",778,710,"3,909","1,065","1,071",793,"4,025","1,346",500,587,304,455,"1,926","2,731",747,627,249,147,16,88,229
2022-09-04,"2,949","5,513",439,474,"2,891",629,872,598,"2,577",944,324,455,200,334,"1,294","1,976",562,449,191,112,24,96,171
2022-09-05,"4,451","8,152",671,856,"3,564",921,"1,065",922,"4,610","1,451",570,790,366,525,"2,056","3,087",923,766,318,166,22,114,300
2022-09-06,"5,419","9,546",857,815,"4,675","1,263","1,317","1,005","5,041","1,473",598,699,348,529,"2,156","3,026",876,776,304,148,16,89,266
2022-09-07,"4,340","8,140",715,725,"4,026",910,"1,219",762,"4,375","1,330",445,642,298,449,"1,817","2,711",745,657,278,123,23,85,278
2022-09-08,"4,288","7,742",709,718,"3,837",944,"1,090",868,"4,038","1,316",517,674,305,499,"1,799","2,678",828,655,252,116,18,105,235
2022-09-09,"4,359","7,926",738,911,"3,805",842,"1,038",818,"4,603","1,534",665,716,328,478,"1,880","2,943",823,668,238,106,15,125,233
2022-09-10,"3,734","6,719",700,716,"3,455",834,983,780,"4,349","1,411",538,691,289,442,"1,676","2,827",704,534,261,89,9,83,273
2022-09-11,"2,894","5,406",500,615,"2,720",644,831,547,"2,988","1,273",588,509,236,344,"1,460","2,209",686,471,198,93,14,108,227
2022-09-12,"5,440","10,043",929,"1,048","4,526",971,"1,383","1,162","6,135","2,083",900,"1,068",545,793,"2,821","4,247","1,202",815,356,166,25,103,237
2022-09-13,"5,695","10,940",967,"1,182","5,445","1,378","1,544","1,100","6,554","2,044",860,"1,000",443,671,"2,709","4,338","1,206",758,373,128,29,129,165
2022-09-14,"5,264","10,066",978,"1,046","4,775","1,215","1,305","1,066","5,958","1,971",815,920,432,688,"2,505","3,920","1,056",710,278,121,19,107,199
2022-09-15,"4,786","9,164",814,955,"4,481",995,"1,277",996,"5,355","1,791",754,842,358,583,"2,383","3,591","1,030",658,311,125,16,117,238
2022-09-16,"4,585","8,772",801,"1,013","4,312",971,"1,095",871,"5,078","1,667",760,832,349,549,"2,189","3,303",959,708,315,108,16,98,228
2022-09-17,"4,366","8,908",883,"1,002","4,131","1,069","1,164",853,"5,023","1,747",775,806,407,564,"2,199","3,354",926,636,274,96,19,85,230
2022-09-18,"3,176","6,194",583,552,"3,395",699,927,710,"3,569","1,431",557,598,253,344,"1,458","2,287",630,446,189,98,26,61,236
2022-09-19,"5,102","9,650",822,"1,169","4,106",940,"1,208","1,090","5,959","2,159",988,"1,013",470,739,"2,659","3,952","1,081",734,359,113,36,125,230
2022-09-20,"5,564","10,603",969,"1,122","5,185","1,243","1,409","1,085","6,053","2,032",815,951,419,635,"2,462","3,803",946,723,371,105,19,111,221
2022-09-21,"4,870","9,382",838,970,"4,553","1,091","1,177",936,"5,548","1,953",800,927,394,605,"2,316","3,687",937,656,341,101,21,78,241
2022-09-22,"4,505","8,784",656,867,"4,142",952,"1,086",898,"5,239","1,919",726,861,420,657,"2,324","3,654",947,568,328,76,26,100,251
2022-09-23,"4,290","8,014",687,892,"4,177",986,"1,075",888,"4,783","1,848",766,881,427,690,"2,140","3,641",885,525,300,95,18,104,211
2022-09-24,"4,263","8,296",744,926,"4,103","1,048","1,046",845,"5,094","1,950",696,769,371,546,"2,331","3,899",901,463,275,81,16,91,192
2022-09-25,"3,179","5,815",499,577,"3,154",666,933,669,"3,707","1,512",644,602,290,465,"1,673","2,635",704,399,215,60,10,65,264
2022-09-26,"4,959","9,407",775,"1,089","4,226","1,049","1,235","1,075","6,230","2,274",937,"1,147",508,826,"2,926","4,436","1,183",639,375,113,26,115,237
2022-09-27,"5,404","10,482",856,"1,038","5,478","1,242","1,377","1,155","6,307","2,179",930,985,446,831,"2,822","4,610","1,122",590,313,105,8,102,186
2022-09-28,"4,871","9,442",817,942,"4,838","1,132","1,221","1,045","5,905","2,217",835,955,487,711,"2,789","4,295","1,054",600,280,86,13,86,206
2022-09-29,"4,602","9,121",736,"1,012","4,577","1,081","1,236","1,061","5,812","2,167",790,955,446,630,"2,686","4,185","1,043",539,352,114,14,90,211
2022-09-30,"4,693","8,999",745,945,"4,722",995,"1,312","1,046","5,816","2,177",709,912,461,620,"2,719","4,094",971,599,304,84,15,81,43
2022-10-01,"4,708","9,091",790,"1,122","4,631","1,090","1,246",997,"5,531","2,266",627,876,395,732,"2,885","4,137","1,028",541,354,64,14,83,61
2022-10-02,"3,518","6,967",526,695,"3,918",765,"1,084",900,"4,343","1,685",549,689,281,487,"2,067","3,264",726,499,195,108,18,68,51
2022-10-03,"5,097","9,943",708,"1,131","4,833",990,"1,300","1,274","6,638","2,572",820,"1,171",598,939,"3,582","5,196","1,232",709,436,142,34,104,62
2022-10-04,"6,148","11,605","1,042","1,192","6,068","1,307","1,496","1,347","7,070","2,668",754,"1,178",524,878,"3,466","5,445","1,207",750,432,114,26,91,48
2022-10-05,"5,149","9,500",852,"1,100","4,960",918,"1,185","1,149","5,937","2,298",724,997,448,774,"3,290","4,744","1,155",602,353,117,22,103,58
2022-10-06,"5,318","10,629",824,"1,180","5,492","1,019","1,356","1,299","6,312","2,677",782,"1,078",506,812,"3,396","5,209","1,271",687,394,135,22,115,62
2022-10-07,"4,793","9,046",847,"1,059","4,588",982,"1,189","1,159","5,460","2,243",700,"1,050",460,740,"3,117","4,720","1,133",655,283,129,16,73,56
2022-10-08,"4,387","9,059",762,"1,180","4,891","1,085","1,222","1,044","5,464","2,298",648,"1,064",435,751,"3,143","4,690","1,132",622,323,99,11,132,88
2022-10-09,"3,256","6,374",564,638,"3,641",719,927,814,"3,933","1,674",520,784,328,530,"2,208","3,458",852,402,222,86,21,93,46
2022-10-10,"3,772","8,029",601,"1,036","3,899",810,"1,006",997,"5,724","2,466",698,"1,042",505,788,"3,037","4,634","1,215",596,240,115,13,134,59
2022-10-11,"5,091","10,095",752,959,"5,062",964,"1,364","1,328","6,830","2,733",812,"1,404",603,944,"4,025","6,211","1,625",729,441,134,37,158,63
2022-10-12,"5,430","10,544",831,"1,098","5,728","1,188","1,474","1,175","6,894","2,483",730,"1,257",558,932,"4,081","5,941","1,645",640,407,121,15,135,57
2022-10-13,"4,744","9,510",752,919,"5,138","1,110","1,228","1,147","6,470","2,408",676,"1,149",536,791,"3,620","5,234","1,447",689,334,114,12,132,53
2022-10-14,"4,257","8,515",709,785,"4,479","1,000","1,117","1,049","5,554","2,222",706,"1,057",512,740,"3,292","4,899","1,345",577,344,133,15,133,29
2022-10-15,"4,023","8,104",609,800,"4,255",955,"1,038",856,"5,419","2,063",640,987,451,787,"3,354","4,954","1,231",490,232,100,11,103,55
2022-10-16,"2,826","5,650",384,499,"3,387",604,767,650,"3,488","1,554",443,644,274,471,"2,213","3,341",852,362,186,86,21,87,36
2022-10-17,"4,252","8,282",648,843,"3,907",843,"1,043",996,"5,927","2,490",811,"1,104",663,946,"3,791","5,644","1,465",576,318,110,25,135,37
2022-10-18,"4,234","8,771",700,762,"4,567","1,023","1,026",968,"5,960","2,276",735,"1,016",504,698,"3,587","5,410","1,345",472,256,111,21,125,23
2022-10-19,"3,733","7,569",551,660,"4,081",880,928,809,"5,251","2,119",713,836,449,673,"3,310","4,934","1,282",468,255,107,17,110,43
2022-10-20,"3,400","7,046",497,580,"3,668",857,886,770,"5,094","1,926",725,874,433,661,"2,979","4,627","1,157",492,303,67,11,117,60
2022-10-21,"3,290","6,530",496,557,"3,618",825,924,801,"4,592","1,883",703,839,429,664,"2,971","4,423","1,057",477,226,107,17,132,50
2022-10-22,"3,389","6,657",505,623,"3,571",870,873,771,"4,702","1,860",691,820,433,630,"2,834","4,305",967,392,207,68,8,120,44
2022-10-23,"2,449","4,844",379,415,"2,949",586,733,549,"3,537","1,420",485,631,355,434,"2,100","3,152",667,327,121,79,3,87,20
2022-10-24,"3,482","6,887",438,669,"3,378",779,927,912,"5,368","2,171",770,947,584,871,"3,540","5,082","1,364",436,231,78,13,170,49
2022-10-25,"3,702","7,489",637,600,"4,049",968,966,795,"5,500","2,026",709,892,458,724,"3,439","5,077","1,280",471,254,63,7,123,51
2022-10-26,"3,260","6,455",472,563,"3,535",813,879,754,"4,939","1,825",662,860,447,699,"3,024","4,478","1,073",402,235,82,13,125,55
2022-10-27,"3,082","6,181",469,558,"3,464",760,834,725,"4,942","1,765",701,737,484,570,"3,093","4,349","1,080",340,198,64,17,109,47
2022-10-28,"2,970","5,802",412,495,"3,261",761,776,655,"4,403","1,774",613,882,459,628,"2,712","4,128",992,413,175,53,6,87,30
2022-10-29,"2,861","5,533",487,525,"3,167",822,809,695,"4,368","1,552",661,680,380,572,"2,863","3,900",922,322,191,58,5,111,46
2022-10-30,"1,925","3,961",335,316,"2,582",541,663,477,"3,069","1,213",457,488,257,406,"1,845","2,900",643,257,112,55,4,70,41
2022-10-31,"2,948","5,840",351,555,"3,002",744,783,735,"4,819","1,872",711,951,477,724,"3,254","4,547","1,092",388,269,66,5,90,30
2022-11-01,"2,815","6,010",474,502,"3,525",758,836,724,"4,649","1,585",602,710,382,648,"2,855","4,390","1,015",333,153,39,6,83,60
2022-11-02,"2,707","5,246",438,437,"3,017",715,745,698,"4,067","1,356",491,606,360,582,"2,686","4,132",948,366,181,63,2,74,49
2022-11-03,"2,442","4,896",353,418,"2,793",599,733,602,"3,821","1,310",470,631,342,568,"2,416","3,777",845,288,152,23,7,53,42
2022-11-04,"2,151","4,355",290,319,"2,585",606,642,494,"3,523","1,165",484,590,356,508,"2,379","3,603",844,293,178,48,15,76,44
2022-11-05,"2,083","4,180",353,346,"2,406",597,600,469,"3,437","1,104",425,560,304,461,"2,309","3,444",740,226,145,41,3,62,46
2022-11-06,"1,302","2,796",210,206,"1,774",335,452,355,"2,448",790,342,356,209,306,"1,483","2,343",500,161,77,34,3,43,23
2022-11-07,"2,008","3,868",253,343,"2,172",497,578,535,"3,584","1,221",465,696,378,555,"2,483","3,877",877,230,160,37,22,77,37
2022-11-08,"2,163","4,139",346,384,"2,364",633,633,469,"3,424","1,083",425,585,309,483,"2,391","3,703",823,194,148,32,14,47,52
2022-11-09,"1,906","3,734",250,300,"2,259",551,585,485,"3,084","1,048",360,518,256,416,"2,198","3,181",704,221,116,44,7,56,39
2022-11-10,"1,638","3,333",274,287,"2,018",455,527,462,"2,688","1,077",371,548,283,394,"1,949","2,953",604,167,135,41,7,41,36
2022-11-11,"1,579","3,111",291,286,"1,960",444,496,427,"2,525",911,341,481,241,332,"1,915","2,843",609,172,114,26,8,46,52
2022-11-12,"1,506","3,096",269,251,"1,973",423,507,423,"2,457",896,346,489,245,328,"1,775","2,634",525,202,140,23,2,49,39
2022-11-13,"1,266","2,732",189,221,"1,814",447,426,390,"2,439",848,266,422,173,229,"1,606","2,333",461,171,81,27,4,27,38
2022-11-14,"1,613","2,876",234,244,"1,705",407,434,511,"2,132",931,356,584,300,441,"1,872","2,683",691,219,168,43,3,52,38
2022-11-15,"2,039","3,911",333,336,"2,605",542,632,541,"2,870","1,043",354,504,240,380,"2,024","3,152",681,241,124,24,6,39,51
2022-11-16,"1,731","3,447",317,306,"2,146",484,582,472,"2,579",931,342,476,227,348,"1,879","2,790",610,217,114,29,5,33,49
2022-11-17,"1,534","2,927",231,255,"1,947",464,514,468,"2,287",931,289,422,191,321,"1,686","2,519",587,194,115,28,4,31,49
2022-11-18,"1,419","2,757",204,240,"1,707",418,499,381,"2,247",761,288,412,184,284,"1,584","2,258",522,177,99,19,3,41,57
2022-11-19,"1,453","2,688",251,229,"1,668",486,529,372,"1,956",789,264,415,207,286,"1,530","2,139",515,203,112,32,8,55,38
2022-11-20,"1,034","1,876",143,157,"1,426",307,366,314,"1,610",618,179,262,95,161,"1,103","1,584",367,152,62,23,5,28,29
2022-11-21,"1,490","2,797",238,309,"1,738",447,497,539,"2,515",925,302,456,236,322,"1,707","2,517",619,251,148,31,4,40,30
2022-11-22,"1,512","2,988",252,274,"2,017",540,566,444,"2,378",847,223,405,201,288,"1,605","2,365",551,204,115,22,3,27,49
2022-11-23,"1,373","2,613",229,221,"1,712",470,540,397,"2,115",844,278,345,191,280,"1,402","2,200",407,249,97,15,0,26,37
2022-11-24,"1,226","2,372",185,204,"1,542",354,434,368,"1,863",780,214,325,147,224,"1,240","1,869",408,218,111,21,5,15,50
2022-11-25,"1,126","2,205",180,196,"1,330",427,410,345,"1,782",669,221,271,158,192,"1,219","1,751",413,173,88,21,8,29,51
2022-11-26,"1,139","2,155",186,221,"1,464",406,396,298,"1,769",751,213,340,141,230,"1,142","1,760",374,142,96,15,2,24,37
2022-11-27,877,"1,619",132,162,"1,272",259,388,283,"1,485",645,201,241,98,163,858,"1,306",318,169,62,18,2,26,70
2022-11-28,"1,471","2,670",174,269,"1,657",433,572,495,"2,389",979,361,471,193,346,"1,504","2,221",530,241,142,29,8,68,52
2022-11-29,"1,590","2,854",223,260,"2,020",538,600,517,"2,461",896,276,422,210,295,"1,388","2,159",516,223,113,29,7,61,60
2022-11-30,"1,251","2,628",181,223,"1,692",541,531,455,"2,040",907,246,349,156,272,"1,222","2,041",460,211,106,20,2,51,53
2022-12-01,"1,207","2,244",167,212,"1,561",396,449,382,"1,945",782,249,399,137,201,"1,051","1,822",412,201,123,19,0,48,62
2022-12-02,"1,034","2,155",161,188,"1,337",362,460,378,"1,696",780,258,299,157,258,974,"1,841",410,167,84,22,3,54,57
2022-12-03,"1,021","2,194",164,193,"1,474",412,433,324,"1,751",659,182,296,157,216,"1,026","1,731",396,186,93,16,2,44,39
2022-12-04,793,"1,587",123,129,"1,206",325,410,275,"1,477",649,163,236,71,175,705,"1,311",299,155,72,20,2,26,28
2022-12-05,"1,298","2,562",133,270,"1,608",454,511,429,"2,197",977,304,462,188,326,"1,259","2,078",495,199,120,35,2,83,32
2022-12-06,"1,458","2,809",201,248,"1,958",571,627,446,"2,234",907,274,341,160,271,"1,169","2,113",489,221,97,22,6,62,47
2022-12-07,"1,337","2,476",180,231,"1,723",462,505,470,"2,137",778,228,339,136,231,"1,127","2,049",404,215,103,26,2,62,57
2022-12-08,"1,240","2,392",192,212,"1,647",431,478,406,"1,929",740,229,287,132,194,"1,097","1,886",405,206,96,36,2,48,66
2022-12-09,"1,346","2,296",185,202,"1,679",443,480,398,"1,989",790,265,298,153,216,"1,035","1,752",330,156,91,30,2,71,60
2022-12-10,"1,371","2,460",156,212,"1,630",467,438,326,"1,947",685,205,300,137,194,"1,043","1,820",332,150,76,25,3,46,52
2022-12-11,"1,055","1,730",124,117,"1,344",332,401,267,"1,561",594,197,242,106,159,851,"1,245",234,131,57,28,1,45,32
2022-12-12,"1,628","2,833",145,260,"1,724",499,536,478,"2,253",972,281,397,179,284,"1,519","2,183",482,226,95,44,2,85,50
2022-12-13,"1,767","3,259",213,200,"2,019",555,645,460,"2,263",807,249,343,182,284,"1,323","2,093",457,217,108,25,1,82,104
2022-12-14,"1,549","2,998",177,212,"1,812",504,515,436,"2,149",721,231,362,155,277,"1,230","1,997",352,160,81,27,0,56,69
2022-12-15,"1,461","2,942",183,169,"1,866",458,562,409,"1,981",709,209,305,119,232,"1,166","1,798",400,146,90,37,1,57,89
2022-12-16,"1,572","3,097",185,214,"1,776",473,487,372,"1,954",706,211,326,155,228,"1,185","1,822",365,141,92,31,4,72,147
2022-12-17,"1,590","3,043",216,224,"1,797",490,532,322,"1,914",635,190,280,128,215,"1,120","1,718",301,157,79,24,0,61,82
2022-12-18,"1,035","2,022",133,129,"1,302",274,376,306,"1,373",461,165,195,83,156,738,"1,169",189,90,41,31,2,43,50
2022-12-19,"1,729","3,338",167,242,"1,807",520,597,452,"2,203",823,236,354,160,234,"1,337","2,070",392,163,115,44,1,88,48
2022-12-20,"2,122","3,904",241,258,"2,271",556,766,426,"2,384",883,242,322,176,266,"1,333","2,055",403,185,115,53,0,75,105
2022-12-21,"2,032","4,070",242,269,"2,181",644,731,474,"2,597",901,282,361,166,285,"1,554","2,199",370,177,98,50,4,100,89
2022-12-22,"2,086","3,919",228,235,"2,240",582,659,398,"2,481",776,251,334,138,247,"1,543","2,069",340,196,102,54,6,73,108
2022-12-23,"1,967","3,613",243,280,"2,098",581,635,423,"2,253",836,296,272,151,259,"1,402","1,908",372,156,78,36,1,80,117
2022-12-24,"1,957","3,655",258,260,"1,984",663,599,387,"2,238",715,238,316,156,227,"1,373","1,916",370,115,100,43,2,76,74
2022-12-25,"1,415","2,877",178,196,"1,713",436,653,365,"1,868",632,217,239,84,145,"1,116","1,510",239,133,48,39,1,65,63
2022-12-26,"2,656","4,892",278,341,"2,658",737,891,680,"3,143","1,203",377,441,233,411,"2,083","2,526",417,166,117,50,3,112,71
2022-12-27,"3,128","5,772",355,342,"3,302",957,"1,124",665,"3,642","1,263",319,439,225,342,"2,266","2,819",459,229,128,44,3,104,223
2022-12-28,"3,105","5,815",424,365,"3,151",983,"1,006",712,"3,644","1,153",416,489,261,369,"2,135","2,847",400,214,121,34,8,118,151
2022-12-29,"3,009","5,632",381,292,"3,061",895,"1,007",703,"3,696","1,235",362,481,216,331,"2,140","2,788",478,226,125,50,6,97,167
2022-12-30,"2,930","5,564",372,337,"2,839",813,931,684,"3,225","1,196",376,404,230,372,"1,988","2,542",401,197,98,61,8,102,81
2022-12-31,"2,788","5,484",433,315,"2,739",780,932,556,"3,488","1,091",345,412,197,327,"1,997","2,490",432,209,103,52,4,99,109
2023-01-01,"1,635","3,437",287,205,"1,841",479,644,432,"2,109",797,228,284,158,230,"1,319","1,820",315,117,95,30,6,56,72
2023-01-02,"2,731","5,001",369,335,"2,395",636,747,600,"3,275","1,224",372,518,273,379,"2,108","2,732",496,159,106,45,7,136,353
2023-01-03,"3,719","6,841",468,433,"3,493",999,"1,129",848,"4,483","1,384",457,567,309,471,"2,820","3,729",637,233,167,73,15,101,480
2023-01-04,"3,518","6,361",453,415,"3,384",900,"1,032",674,"4,203","1,291",421,505,260,457,"2,579","3,467",597,238,162,57,7,117,412
2023-01-05,"2,870","5,654",388,369,"3,008",810,848,690,"3,655","1,110",344,475,256,389,"2,168","3,180",568,202,124,54,6,104,396
2023-01-06,"2,627","4,986",383,333,"2,610",674,796,540,"3,186","1,029",330,416,232,347,"1,930","2,818",478,164,129,47,7,78,274
2023-01-07,"2,460","4,751",366,332,"2,353",667,784,565,"2,924",979,290,417,209,362,"1,996","2,699",498,163,124,38,8,88,330
2023-01-08,"1,743","3,392",292,234,"1,996",412,535,414,"2,330",736,250,306,144,225,"1,309","1,993",297,157,56,25,4,74,383
2023-01-09,"2,675","4,964",352,342,"2,359",625,705,669,"3,234","1,018",378,496,258,384,"1,947","3,103",611,173,105,50,5,90,508
2023-01-10,"2,729","5,356",399,359,"2,814",727,857,640,"3,253",905,280,380,227,374,"1,971","2,989",531,202,117,54,5,66,389
2023-01-11,"2,450","4,808",365,311,"2,513",588,684,592,"2,964",817,303,397,169,305,"1,764","2,781",464,148,96,32,4,72,281
2023-01-12,"2,387","4,516",372,340,"2,507",544,677,504,"2,818",853,261,330,169,251,"1,586","2,491",406,152,110,37,0,74,347
2023-01-13,"2,200","4,407",364,300,"2,225",518,614,496,"2,483",808,294,342,163,291,"1,592","2,311",410,134,87,32,0,76,258
2023-01-14,"2,230","4,384",368,298,"2,326",563,655,501,"2,724",822,254,369,177,253,"1,624","2,610",427,155,118,29,13,70,293
2023-01-15,"1,540","3,228",240,190,"1,919",419,554,371,"2,005",601,244,252,116,168,"1,237","1,765",292,123,65,29,9,42,222
2023-01-16,"2,080","4,034",294,269,"1,921",520,561,539,"2,444",859,315,407,187,255,"1,662","2,543",379,199,107,33,13,51,294
2023-01-17,"2,380","4,450",332,297,"2,432",572,606,573,"2,419",785,274,333,164,221,"1,714","2,425",393,167,104,36,8,72,257
2023-01-18,"1,891","3,857",356,244,"1,993",503,582,435,"2,178",705,188,333,141,231,"1,495","2,228",319,205,89,26,13,54,331
2023-01-19,"1,922","3,820",338,290,"2,145",493,513,417,"1,939",705,249,282,137,185,"1,524","2,235",334,194,94,29,16,51,300
2023-01-20,"2,129","4,539",360,342,"2,439",420,569,551,"2,402",903,279,384,186,226,"1,694","2,516",398,212,108,43,8,93,276
2023-01-21,"1,905","4,189",373,254,"2,260",562,577,501,"2,190",726,230,304,169,223,"1,532","2,194",382,190,82,32,3,56,249
2023-01-22,"1,095","2,219",204,162,962,255,324,286,"1,276",442,175,210,100,142,846,"1,351",255,122,62,26,4,7,137
2023-01-23,"1,474","2,862",268,274,"1,393",342,458,413,"1,750",755,250,279,154,202,"1,205","1,925",307,190,104,36,1,68,139
2023-01-24,"1,536","3,371",307,270,"1,854",410,510,426,"1,783",833,270,356,165,238,"1,323","1,963",384,183,105,40,1,50,134
2023-01-25,"1,849","3,753",397,355,"2,103",431,569,406,"2,347",808,273,369,178,258,"1,580","2,443",417,219,95,30,0,79,178
2023-01-26,"2,324","5,082",487,437,"2,826",525,806,632,"2,762","1,001",383,475,227,312,"1,918","2,863",541,290,135,60,5,71,184
2023-01-27,"2,580","5,394",544,536,"3,301",616,859,696,"3,110","1,145",424,541,227,386,"2,081","3,552",567,343,142,72,4,86,223
2023-01-28,"2,267","5,688",579,473,"3,179",751,787,664,"3,282","1,202",400,511,269,364,"2,185","3,296",613,342,155,59,4,98,178
2023-01-29,"1,864","4,237",490,366,"2,841",559,900,614,"2,797",975,379,399,204,274,"1,586","2,582",497,277,148,72,5,92,129
2023-01-30,"2,695","6,001",486,604,"3,474",695,976,905,"3,983","1,505",480,787,267,489,"2,913","4,103",825,449,211,101,9,111,200
2023-01-31,"2,831","6,211",630,556,"3,898",833,"1,073",836,"3,960","1,351",435,603,261,404,"2,474","3,680",754,397,222,61,5,75,244
2023-02-01,"2,373","5,249",544,549,"3,035",597,830,677,"3,209","1,285",402,529,237,368,"2,207","3,349",627,437,179,62,9,82,239
2023-02-02,"1,976","5,020",474,537,"2,886",593,823,615,"3,122","1,174",373,504,208,331,"2,066","3,156",584,337,215,72,6,66,321
2023-02-03,"1,972","4,425",470,520,"2,646",561,785,565,"2,909","1,212",394,388,187,276,"1,841","2,951",561,447,158,59,6,61,339
2023-02-04,"2,095","4,510",447,470,"2,622",591,685,518,"2,759","1,045",365,395,193,281,"1,743","2,729",594,325,160,48,7,52,347
2023-02-05,"1,323","3,213",314,270,"2,160",413,582,485,"1,944",820,284,260,128,194,"1,223","2,040",405,188,74,40,4,42,226
2023-02-06,"1,976","4,497",355,567,"2,279",520,658,648,"2,962","1,068",342,485,215,349,"1,969","3,005",636,288,152,53,6,56,299
2023-02-07,"2,149","4,764",519,502,"2,778",602,757,573,"2,901","1,106",412,438,206,268,"1,857","2,941",632,293,137,50,8,47,296
2023-02-08,"1,836","4,119",426,419,"2,289",540,662,452,"2,566",946,315,405,192,233,"1,728","2,569",476,239,119,44,8,40,288
2023-02-09,"1,754","3,908",375,388,"2,286",489,656,422,"2,302",808,339,352,157,261,"1,577","2,305",519,240,136,52,2,35,258
2023-02-10,"1,628","3,585",328,372,"2,029",440,497,385,"2,227",851,262,380,159,239,"1,440","2,334",470,239,98,57,5,25,243
2023-02-11,"1,489","3,288",361,437,"1,887",433,523,359,"2,013",790,226,369,157,250,"1,507","2,031",432,210,97,35,6,45,237
2023-02-12,"1,012","2,455",268,226,"1,535",255,406,289,"1,513",609,206,225,111,135,"1,003","1,575",318,175,65,51,6,29,183
2023-02-13,"1,714","3,877",334,488,"2,049",454,573,517,"2,434",981,335,471,210,326,"1,770","2,614",529,289,126,53,10,50,304
2023-02-14,"1,789","3,843",340,339,"2,538",487,545,459,"2,454",817,304,408,173,225,"1,573","2,226",510,340,127,20,4,34,298
2023-02-15,"1,413","3,216",308,367,"2,082",404,476,334,"1,917",771,271,359,140,228,"1,391","2,059",394,200,108,28,12,39,225
2023-02-16,"1,338","2,892",279,321,"1,967",358,443,358,"1,830",675,224,304,153,211,"1,271","1,811",389,191,119,22,5,31,229
2023-02-17,"1,259","2,674",237,346,"1,794",313,474,315,"1,827",725,249,335,119,220,"1,338","1,812",384,234,95,27,5,38,224
2023-02-18,"1,316","3,048",308,302,"2,056",380,500,331,"1,807",683,245,349,146,214,"1,393","1,904",372,241,106,19,6,32,109
2023-02-19,998,"2,215",190,242,"1,613",233,380,309,"1,382",561,193,227,101,172,"1,020","1,474",295,157,66,35,2,25,166
2023-02-20,"1,432","3,175",241,382,"1,761",384,472,397,"2,007",772,277,430,211,279,"1,677","2,147",472,247,160,45,8,26,249
2023-02-21,"1,419","3,253",314,352,"1,988",415,525,380,"1,821",694,226,327,148,215,"1,388","1,969",430,196,114,19,2,28,254
2023-02-22,"1,254","2,778",236,303,"1,714",337,404,322,"1,590",642,208,257,134,210,"1,246","1,779",367,224,92,27,7,28,225
2023-02-23,"1,130","2,701",221,309,"1,585",281,396,321,"1,477",576,194,275,131,203,"1,134","1,593",380,171,84,19,2,31,223
2023-02-24,"1,151","2,731",235,333,"1,517",317,391,272,"1,542",588,202,296,135,196,"1,083","1,651",336,198,90,33,1,29,195
2023-02-25,"1,048","2,601",253,325,"1,439",320,383,243,"1,513",585,208,272,134,169,"1,123","1,693",294,149,77,20,2,25,209
2023-02-26,663,"1,498",113,161,"1,020",138,223,166,923,385,132,135,72,112,624,896,188,104,35,25,3,13,113
2023-02-27,805,"1,865",172,285,"1,015",208,269,214,"1,157",510,164,233,108,147,928,"1,357",283,157,49,15,4,31,141
2023-02-28,988,"2,261",203,285,"1,310",264,316,240,"1,623",529,159,290,126,182,"1,054","1,621",340,130,66,42,8,21,153
2023-03-01,"1,168","2,580",201,293,"1,563",277,455,354,"1,740",625,233,291,151,201,"1,201","1,834",361,178,96,35,7,33,224
2023-03-02,"1,232","2,545",223,322,"1,664",383,368,260,"1,714",535,216,254,118,180,"1,161","1,737",346,177,96,24,1,24,227
2023-03-03,917,"2,182",194,248,"1,253",236,347,236,"1,406",486,177,217,101,181,"1,028","1,451",304,119,63,23,7,27,192
2023-03-04,798,"1,880",197,280,"1,240",256,289,246,"1,197",413,156,223,124,150,897,"1,310",252,106,61,23,1,35,169
2023-03-05,602,"1,320",131,137,807,188,224,135,844,323,133,133,72,99,568,882,205,66,44,19,1,31,114
2023-03-06,905,"1,919",146,250,"1,136",219,286,261,"1,373",458,182,260,138,192,"1,066","1,469",311,163,70,16,1,49,162
2023-03-07,962,"2,053",190,288,"1,240",295,355,220,"1,273",450,195,220,105,177,996,"1,327",298,145,70,22,0,30,145
2023-03-08,792,"1,744",178,254,"1,107",223,287,220,"1,163",358,146,210,104,131,864,"1,168",251,119,68,19,0,39,136
2023-03-09,775,"1,704",121,216,"1,006",223,270,200,"1,090",367,127,176,97,133,797,"1,162",236,122,72,24,3,36,136
2023-03-10,753,"1,603",176,227,996,209,236,187,"1,060",335,147,146,69,119,786,999,217,125,52,15,0,37,125
2023-03-11,784,"1,750",167,187,"1,042",229,238,216,"1,095",375,139,173,107,141,729,"1,083",229,126,67,15,0,24,173
2023-03-12,596,"1,222",105,119,753,148,232,199,832,301,103,113,62,81,478,764,177,89,37,25,0,37,101
2023-03-13,898,"1,944",140,239,913,240,302,294,"1,185",406,184,247,137,166,849,"1,203",274,138,90,20,3,43,168
2023-03-14,932,"2,037",239,206,"1,036",301,321,274,"1,172",369,169,186,111,187,790,"1,111",306,143,67,22,2,36,169
